raw_gps_input_alt_m	raw_gps_input_fix_type	raw_gps_input_lat	raw_gps_input_lon	syn_outputs_optical_flow_gps_port_six_parameters_altitude_m	syn_outputs_optical_flow_gps_port_six_parameters_course_deg	syn_outputs_optical_flow_gps_port_six_parameters_fix_type	syn_outputs_optical_flow_gps_port_six_parameters_hdop	syn_outputs_optical_flow_gps_port_six_parameters_heading_deg	syn_outputs_optical_flow_gps_port_six_parameters_horizontal_accuracy_m	syn_outputs_optical_flow_gps_port_six_parameters_latitude	syn_outputs_optical_flow_gps_port_six_parameters_longitude	syn_outputs_optical_flow_gps_port_six_parameters_pdop	syn_outputs_optical_flow_gps_port_six_parameters_satellites	syn_outputs_optical_flow_gps_port_six_parameters_speed_accuracy_mps	syn_outputs_optical_flow_gps_port_six_parameters_timestamp	syn_outputs_vo_gps_port_six_parameters_altitude_m	syn_outputs_vo_gps_port_six_parameters_course_deg	syn_outputs_vo_gps_port_six_parameters_fix_type	syn_outputs_vo_gps_port_six_parameters_hdop	syn_outputs_vo_gps_port_six_parameters_heading_deg	syn_outputs_vo_gps_port_six_parameters_horizontal_accuracy_m	syn_outputs_vo_gps_port_six_parameters_latitude	syn_outputs_vo_gps_port_six_parameters_longitude	syn_outputs_vo_gps_port_six_parameters_pdop	syn_outputs_vo_gps_port_six_parameters_satellites	syn_outputs_vo_gps_port_six_parameters_speed_accuracy_mps	syn_outputs_vo_gps_port_six_parameters_timestamp	syn_outputs_vo_gps_port_six_parameters_ubx_message_hex	syn_outputs_vo_gps_port_six_parameters_vdop	syn_outputs_vo_gps_port_six_parameters_velocity_down_mps	syn_outputs_vo_gps_port_six_parameters_velocity_east_mps	syn_outputs_vo_gps_port_six_parameters_velocity_north_mps	syn_outputs_vo_gps_port_six_parameters_vertical_accuracy_m
932.2	3	12.887792	77.64298933	958.0184463	190.5612281	3	0.7	190.5612281	0.5	12.88777666	77.64299283	0.7	19	1	2026-03-07T12:47:16.790271Z	960.6543999	205.9545367	3	1.3	190.5612281	0.5	12.8878025	77.64294165	1.3	10	0.5	1772887637		1.3	0	-0.043942341	-0.090276887	0.1
932.2	3	12.887792	77.64298933	958.0354463	190.5612281	3	0.7	190.5612281	0.5	12.8877756	77.64299231	0.7	19	1	2026-03-07T12:47:16.991194Z	960.7491944	151.5467197	3	1.3	190.5612281	0.5	12.88779991	77.64294309	1.3	10	0.5	1772887637		1.3	0	0.404240234	-0.745967812	0.1
932.2	3	12.88779217	77.64298933	958.0444463	190.5612281	3	0.7	190.5612281	0.5	12.88777323	77.6429917	0.7	19	1	2026-03-07T12:47:17.244219Z	960.6489228	164.8036023	3	1.3	190.5612281	0.5	12.88779581	77.64294424	1.3	10	0.5	1772887637		1.3	0	0.287285477	-1.057649028	0.1
932.2	3	12.88779217	77.64298933	957.9704463	190.5612281	3	0.7	190.5612281	0.5	12.88777365	77.64299115	0.7	19	1	2026-03-07T12:47:17.381059Z	960.6283637	136.6693838	3	1.3	190.5612281	0.5	12.88779171	77.6429482	1.3	10	0.5	1772887637		1.3	0	1.15066992	-1.219754741	0.1
932.2	3	12.88779233	77.64298933	958.0754463	190.5612281	3	0.7	190.5612281	0.5	12.88777569	77.64299062	0.7	19	1	2026-03-07T12:47:17.611804Z	960.8008663	146.5943787	3	1.3	190.5612281	0.5	12.88778638	77.64295181	1.3	10	0.5	1772887638		1.3	0	0.93238849	-1.413739539	0.1
932.2	3	12.88779233	77.64298933	958.0104463	190.5612281	3	0.7	190.5612281	0.5	12.88777785	77.64299007	0.7	19	1	2026-03-07T12:47:17.789710Z	960.8306694	121.2453114	3	1.3	190.5612281	0.5	12.88778434	77.64295526	1.3	10	0.5	1772887638		1.3	0	0.994846232	-0.603576131	0.1
932.2	3	12.8877925	77.64298933	957.9924463	190.5612281	3	0.7	190.5612281	0.5	12.88777785	77.64299007	0.7	19	1	2026-03-07T12:47:18.004957Z	960.6031503	123.5819039	3	1.3	190.5612281	0.5	12.88778158	77.64295953	1.3	10	0.5	1772887638		1.3	0	1.143706563	-0.759356256	0.1
932.2	3	12.88779267	77.64298917	958.1844463	190.5612281	3	0.7	190.5612281	0.5	12.88778011	77.64298949	0.7	19	1	2026-03-07T12:47:18.201067Z	960.7295894	112.4407918	3	1.3	190.5612281	0.5	12.88778015	77.64296308	1.3	10	0.5	1772887638		1.3	0	0.96706959	-0.39940303	0.1
932.2	3	12.88779267	77.64298917	958.0984463	190.5612281	3	0.7	190.5612281	0.5	12.88778216	77.64298896	0.7	19	1	2026-03-07T12:47:18.396556Z	960.8149927	131.2974563	3	1.3	190.5612281	0.5	12.88777817	77.64296539	1.3	10	0.5	1772887638		1.3	0	0.640170149	-0.562352863	0.1
932.2	3	12.88779267	77.64298917	958.0784463	190.5612281	3	0.7	190.5612281	0.5	12.88778373	77.64298844	0.7	19	1	2026-03-07T12:47:18.593358Z	960.8209888	134.5629308	3	1.3	190.5612281	0.5	12.88777531	77.64296837	1.3	10	0.5	1772887639		1.3	0	0.809027227	-0.796777436	0.1
932.2	3	12.88779267	77.64298917	958.1454463	190.5612281	3	0.7	190.5612281	0.5	12.8877861	77.64298783	0.7	19	1	2026-03-07T12:47:18.791239Z	960.9146769	163.4717666	3	1.3	190.5612281	0.5	12.88777278	77.64296914	1.3	10	0.5	1772887639		1.3	0	0.209774661	-0.706908042	0.1
932.2	3	12.88779267	77.64298917	958.0604463	190.5612281	3	0.7	190.5612281	0.5	12.8877861	77.64298783	0.7	19	1	2026-03-07T12:47:18.990581Z	960.6934965	132.401765	3	1.3	190.5612281	0.5	12.88777174	77.64297031	1.3	10	0.5	1772887639		1.3	0	0.31524403	-0.287875165	0.1
932.2	3	12.88779267	77.64298917	958.1614463	190.5612281	3	0.7	190.5612281	0.5	12.8877861	77.64298783	0.7	19	1	2026-03-07T12:47:19.186073Z	960.9120902	155.3741181	3	1.3	190.5612281	0.5	12.88776878	77.6429717	1.3	10	0.5	1772887639		1.3	0	0.37731799	-0.823151359	0.1
932.3	3	12.88779267	77.64298933	958.1874463	190.5612281	3	0.7	190.5612281	0.5	12.8877861	77.64298783	0.7	19	1	2026-03-07T12:47:19.404138Z	960.7391991	111.7936124	3	1.3	190.5612281	0.5	12.88776838	77.64297272	1.3	10	0.5	1772887639		1.3	0	0.270373848	-0.108106861	0.1
932.3	3	12.88779267	77.64298933	958.1494463	190.5612281	3	0.7	190.5612281	0.5	12.8877861	77.64298783	0.7	19	1	2026-03-07T12:47:19.818191Z	960.519314	144.3066592	3	1.3	190.5612281	0.5	12.88776268	77.64297692	1.3	10	0.5	1772887640		1.3	0	0.543136746	-0.756040175	0.1
932.3	3	12.88779267	77.64298933	958.0454463	190.5612281	3	0.7	190.5612281	0.5	12.8877861	77.64298783	0.7	20	1	2026-03-07T12:47:19.989783Z	960.6896848	140.6364636	3	1.3	190.5612281	0.5	12.88775927	77.64297979	1.3	10	0.5	1772887640		1.3	0	0.866182688	-1.055877379	0.1
932.3	3	12.88779267	77.64298933	958.1044463	190.5612281	3	0.7	190.5612281	0.5	12.88778826	77.64298728	0.7	20	1	2026-03-07T12:47:20.195664Z	960.6983036	143.6743413	3	1.3	190.5612281	0.5	12.88775505	77.64298297	1.3	10	0.5	1772887640		1.3	0	0.860834463	-1.170784845	0.1
932.3	3	12.88779267	77.64298933	958.0874463	190.5612281	3	0.7	190.5612281	0.5	12.88778806	77.64298672	0.7	20	1	2026-03-07T12:47:20.390663Z	960.6410553	133.5847568	3	1.3	190.5612281	0.5	12.88775244	77.64298579	1.3	10	0.5	1772887640		1.3	0	0.773614899	-0.736311152	0.1
932.3	3	12.88779283	77.64298917	958.1074463	190.5612281	3	0.7	190.5612281	0.5	12.88779011	77.6429862	0.7	20	1	2026-03-07T12:47:20.588907Z	960.6866896	151.9045393	3	1.3	190.5612281	0.5	12.88775	77.64298712	1.3	10	0.5	1772887641		1.3	0	0.365035839	-0.683781756	0.1
932.3	3	12.88779283	77.64298917	958.0754463	190.5612281	3	0.7	190.5612281	0.5	12.88779011	77.6429862	0.7	20	1	2026-03-07T12:47:20.780006Z	960.7411159	164.7153238	3	1.3	190.5612281	0.5	12.88774745	77.64298784	1.3	10	0.5	1772887641		1.3	0	0.191666099	-0.701350184	0.1
932.3	3	12.88779283	77.64298917	958.0744463	190.5612281	3	0.7	190.5612281	0.5	12.88778979	77.64298567	0.7	20	1	2026-03-07T12:47:20.999020Z	960.8708965	197.5040519	3	1.3	190.5612281	0.5	12.88774436	77.64298684	1.3	10	0.5	1772887641		1.3	0	-0.2767291	-0.877456202	0.1
932.3	3	12.88779283	77.64298917	958.1404463	190.5612281	3	0.7	190.5612281	0.5	12.88778979	77.64298567	0.7	20	1	2026-03-07T12:47:21.426970Z	960.725078	158.990728	3	1.3	190.5612281	0.5	12.88774007	77.64298853	1.3	10	0.5	1772887641		1.3	0	0.211461859	-0.550610632	0.1
932.3	3	12.88779283	77.64298917	958.1684463	190.5612281	3	0.7	190.5612281	0.5	12.88779141	77.64298526	0.7	20	1	2026-03-07T12:47:21.610722Z	960.8413115	136.5301224	3	1.3	190.5612281	0.5	12.88773821	77.64299034	1.3	10	0.5	1772887642		1.3	0	0.566640906	-0.597743983	0.1
932.3	3	12.88779283	77.64298917	958.1264463	190.5612281	3	0.7	190.5612281	0.5	12.88779594	77.6429841	0.7	20	1	2026-03-07T12:47:22.013740Z	960.6309099	141.7029662	3	1.3	190.5612281	0.5	12.88773066	77.64299646	1.3	10	0.5	1772887642		1.3	0	0.790920701	-1.001585912	0.1
932.3	3	12.88779283	77.64298917	958.1464463	190.5612281	3	0.7	190.5612281	0.5	12.88779799	77.64298357	0.7	20	1	2026-03-07T12:47:22.196842Z	960.7680836	134.42032	3	1.3	190.5612281	0.5	12.88772494	77.64300245	1.3	10	0.5	1772887642		1.3	0	1.765464451	-1.730097508	0.1
932.3	3	12.88779283	77.64298917	958.1234463	190.5612281	3	0.7	190.5612281	0.5	12.88779799	77.64298357	0.7	20	1	2026-03-07T12:47:22.445901Z	960.8680677	143.1777114	3	1.3	190.5612281	0.5	12.88771872	77.64300723	1.3	10	0.5	1772887642		1.3	0	1.244566973	-1.66229847	0.1
932.3	3	12.88779283	77.64298917	958.2144463	190.5612281	3	0.7	190.5612281	0.5	12.88779799	77.64298357	0.7	20	1	2026-03-07T12:47:22.587415Z	960.576621	150.1937007	3	1.3	190.5612281	0.5	12.88771333	77.64301039	1.3	10	0.5	1772887643		1.3	0	0.922352953	-1.610108542	0.1
932.3	3	12.88779283	77.64298933	958.1704463	190.7238096	3	0.7	190.7238096	0.5	12.88780251	77.64298241	0.7	20	1	2026-03-07T12:47:23.032346Z	960.7976402	154.6506543	3	1.3	190.7238096	0.5	12.88770537	77.64301426	1.3	10	0.5	1772887643		1.3	0	0.490320996	-1.0349741	0.1
932.3	3	12.88779283	77.64298933	958.1884463	190.7238096	3	0.7	190.7238096	0.5	12.88780435	77.64298194	0.7	20	1	2026-03-07T12:47:23.201068Z	961.0639647	173.8294343	3	1.3	190.7238096	0.5	12.8876992	77.64301495	1.3	10	0.5	1772887643		1.3	0	0.215055461	-1.989136116	0.1
932.3	3	12.887793	77.64298933	958.2194463	190.7238096	3	0.7	190.7238096	0.5	12.88780909	77.64298073	0.7	20	1	2026-03-07T12:47:23.628845Z	960.7538598	148.1339862	3	1.3	190.7238096	0.5	12.88769192	77.64301959	1.3	10	0.5	1772887644		1.3	0	0.595532688	-0.958029498	0.1
932.3	3	12.887793	77.64298933	958.2624463	190.7238096	3	0.7	190.7238096	0.5	12.88780909	77.64298073	0.7	20	1	2026-03-07T12:47:24.032840Z	960.9004824	122.7000652	3	1.3	190.7238096	0.5	12.88768456	77.64303136	1.3	10	0.5	1772887644		1.3	0	1.591705531	-1.021859347	0.1
932.3	3	12.88779317	77.64298933	958.1414463	190.7238096	3	0.7	190.7238096	0.5	12.88780909	77.64298073	0.7	20	1	2026-03-07T12:47:24.433610Z	960.7436958	104.5388732	3	1.3	190.7238096	0.5	12.88768218	77.64304075	1.3	10	0.5	1772887644		1.3	0	1.274888055	-0.33063145	0.1
932.3	3	12.88779317	77.64298933	958.1984463	190.7238096	3	0.7	190.7238096	0.5	12.8878134	77.64297962	0.7	20	1	2026-03-07T12:47:24.818640Z	960.860737	126.1310342	3	1.3	190.7238096	0.5	12.88767584	77.64304967	1.3	10	0.5	1772887645		1.3	0	1.226174687	-0.895159684	0.1
932.3	3	12.88779333	77.64298933	958.1194463	190.7238096	3	0.7	190.7238096	0.5	12.8878134	77.64297962	0.7	20	1	2026-03-07T12:47:24.995004Z	960.876712	118.1008592	3	1.3	190.7238096	0.5	12.88767053	77.64305987	1.3	10	0.5	1772887645		1.3	0	2.969978135	-1.585877872	0.1
932.3	3	12.88779333	77.64298933	958.1184463	190.7238096	3	0.7	190.7238096	0.5	12.88781545	77.64297909	0.7	20	1	2026-03-07T12:47:25.199790Z	960.8879537	127.921602	3	1.3	190.7238096	0.5	12.88766197	77.64307114	1.3	10	0.5	1772887645		1.3	0	3.180040676	-2.477520248	0.1
932.3	3	12.8877935	77.64298933	958.1724463	190.7238096	3	0.7	190.7238096	0.5	12.88781545	77.64297909	0.7	20	1	2026-03-07T12:47:25.402814Z	960.6335924	131.5748642	3	1.3	190.7238096	0.5	12.88765528	77.64307887	1.3	10	0.5	1772887645		1.3	0	2.094375831	-1.857831446	0.1
932.3	3	12.8877935	77.64298933	958.1614463	190.7238096	3	0.7	190.7238096	0.5	12.88781545	77.64297909	0.7	20	1	2026-03-07T12:47:25.592718Z	960.8203261	141.521378	3	1.3	190.7238096	0.5	12.88764661	77.64308594	1.3	10	0.5	1772887646		1.3	0	1.9325819	-2.431450035	0.1
932.4	3	12.8877935	77.64298933	958.1984463	190.7238096	3	0.7	190.7238096	0.5	12.88781545	77.64297909	0.7	20	1	2026-03-07T12:47:26.023627Z	960.9274908	143.0085448	3	1.3	190.7238096	0.5	12.88763973	77.64309126	1.3	10	0.5	1772887646		1.3	0	0.68445697	-0.908586971	0.1
932.4	3	12.8877935	77.64298933	958.1134463	190.7238096	3	0.7	190.7238096	0.5	12.88781319	77.64297851	0.7	20	1	2026-03-07T12:47:26.190109Z	960.8240779	130.5453285	3	1.3	190.7238096	0.5	12.88763498	77.64309696	1.3	10	0.5	1772887646		1.3	0	1.645634422	-1.407757699	0.1
932.4	3	12.88779367	77.64298933	958.1974463	190.7238096	3	0.7	190.7238096	0.5	12.88781523	77.64297799	0.7	20	1	2026-03-07T12:47:26.392864Z	960.9697895	142.8203409	3	1.3	190.7238096	0.5	12.88762953	77.6431012	1.3	10	0.5	1772887646		1.3	0	1.171226411	-1.544171849	0.1
932.4	3	12.88779367	77.64298933	958.1334463	190.7238096	3	0.7	190.7238096	0.5	12.88781728	77.64297746	0.7	20	1	2026-03-07T12:47:26.609743Z	960.9625307	144.0455785	3	1.3	190.7238096	0.5	12.88762316	77.64310594	1.3	10	0.5	1772887647		1.3	0	1.255952967	-1.73156596	0.1
932.4	3	12.88779367	77.64298933	958.1924463	190.7238096	3	0.7	190.7238096	0.5	12.88781906	77.64297688	0.7	20	1	2026-03-07T12:47:26.790921Z	960.9480938	151.3222331	3	1.3	190.7238096	0.5	12.88761775	77.64310897	1.3	10	0.5	1772887647		1.3	0	0.840101829	-1.535891976	0.1
932.4	3	12.88779367	77.64298933	958.2174463	190.7238096	3	0.7	190.7238096	0.5	12.88781923	77.64297633	0.7	20	1	2026-03-07T12:47:26.997428Z	960.9381933	129.5796325	3	1.3	190.7238096	0.5	12.88761538	77.64311192	1.3	10	0.5	1772887647		1.3	0	0.813788186	-0.672737012	0.1
932.4	3	12.88779367	77.64298933	958.1744463	190.7238096	3	0.7	190.7238096	0.5	12.88782128	77.6429758	0.7	20	1	2026-03-07T12:47:27.190959Z	960.8248687	136.2295666	3	1.3	190.7238096	0.5	12.88761158	77.64311564	1.3	10	0.5	1772887647		1.3	0	1.013882826	-1.058359954	0.1
932.4	3	12.88779367	77.64298933	958.2754463	190.7238096	3	0.7	190.7238096	0.5	12.88782354	77.64297522	0.7	20	1	2026-03-07T12:47:27.391279Z	961.077314	161.9013405	3	1.3	190.7238096	0.5	12.88760717	77.64311712	1.3	10	0.5	1772887647		1.3	0	0.398971516	-1.220751604	0.1
932.4	3	12.88779367	77.64298933	958.1464463	190.7238096	3	0.7	190.7238096	0.5	12.88781891	77.64297404	0.7	20	1	2026-03-07T12:47:27.851367Z	961.0976931	141.0212081	3	1.3	190.7238096	0.5	12.88760018	77.64312293	1.3	10	0.5	1772887648		1.3	0	0.704762958	-0.870968759	0.1
932.4	3	12.88779367	77.6429895	958.2724463	190.7238096	3	0.7	190.7238096	0.5	12.88781686	77.64297351	0.7	20	1	2026-03-07T12:47:28.009188Z	961.0739176	151.2482707	3	1.3	190.7238096	0.5	12.88759224	77.64312739	1.3	10	0.5	1772887648		1.3	0	1.469749481	-2.678807809	0.1
932.4	3	12.88779367	77.6429895	958.2344463	190.7238096	3	0.7	190.7238096	0.5	12.88781902	77.64297296	0.7	20	1	2026-03-07T12:47:28.196986Z	961.0555734	132.6161755	3	1.3	190.7238096	0.5	12.88758745	77.64313274	1.3	10	0.5	1772887648		1.3	0	1.488779469	-1.369778805	0.1
932.4	3	12.88779367	77.6429895	958.1634463	190.7238096	3	0.7	190.7238096	0.5	12.88782096	77.64297246	0.7	20	1	2026-03-07T12:47:28.410620Z	960.9330822	130.1588752	3	1.3	190.7238096	0.5	12.88758264	77.64313859	1.3	10	0.5	1772887648		1.3	0	1.570556808	-1.325292254	0.1
932.4	3	12.88779367	77.6429895	958.1314463	190.7238096	3	0.7	190.7238096	0.5	12.88782311	77.64297191	0.7	20	1	2026-03-07T12:47:28.596664Z	960.8750918	165.2139048	3	1.3	190.7238096	0.5	12.88757788	77.64313988	1.3	10	0.5	1772887649		1.3	0	0.364775156	-1.381976458	0.1
932.4	3	12.88779367	77.6429895	958.1144463	190.7238096	3	0.7	190.7238096	0.5	12.88782483	77.64297135	0.7	20	1	2026-03-07T12:47:28.788918Z	960.9485082	151.1620636	3	1.3	190.7238096	0.5	12.88757335	77.64314244	1.3	10	0.5	1772887649		1.3	0	0.697724834	-1.267168633	0.1
932.4	3	12.88779367	77.6429895	958.1694463	190.7238096	3	0.7	190.7238096	0.5	12.88782483	77.64297135	0.7	20	1	2026-03-07T12:47:29.004076Z	961.0459255	151.9619009	3	1.3	190.7238096	0.5	12.88756957	77.6431445	1.3	10	0.5	1772887649		1.3	0	0.560882008	-1.053175575	0.1
932.4	3	12.88779367	77.6429895	958.2354463	190.7238096	3	0.7	190.7238096	0.5	12.88782483	77.64297135	0.7	20	1	2026-03-07T12:47:29.195054Z	961.2003776	110.8221761	3	1.3	190.7238096	0.5	12.88756845	77.64314752	1.3	10	0.5	1772887649		1.3	0	0.819740157	-0.311753188	0.1
932.4	3	12.88779367	77.6429895	958.1734463	190.7238096	3	0.7	190.7238096	0.5	12.88782483	77.64297135	0.7	20	1	2026-03-07T12:47:29.390236Z	961.0469487	128.0186792	3	1.3	190.7238096	0.5	12.88756652	77.64315006	1.3	10	0.5	1772887649		1.3	0	0.686438032	-0.53666465	0.1
932.4	3	12.88779367	77.6429895	958.2364463	190.7238096	3	0.7	190.7238096	0.5	12.88782946	77.64297016	0.7	20	1	2026-03-07T12:47:29.821509Z	961.0229176	140.7926546	3	1.3	190.7238096	0.5	12.88755848	77.64315678	1.3	10	0.5	1772887650		1.3	0	0.873054282	-1.070190159	0.1
932.4	3	12.88779367	77.64298967	958.1494463	190.7238096	3	0.7	190.7238096	0.5	12.88782741	77.64296964	0.7	20	1	2026-03-07T12:47:30.012036Z	961.0671896	140.2130992	3	1.3	190.7238096	0.5	12.88755086	77.64316329	1.3	10	0.5	1772887650		1.3	0	1.836931192	-2.205778536	0.1
932.4	3	12.88779367	77.64298967	958.2354463	190.7238096	3	0.7	190.7238096	0.5	12.88782526	77.64296909	0.7	20	1	2026-03-07T12:47:30.201591Z	961.2346656	143.706913	3	1.3	190.7238096	0.5	12.88754467	77.64316796	1.3	10	0.5	1772887650		1.3	0	1.260302167	-1.716127434	0.1
932.4	3	12.88779383	77.64298967	958.2024463	190.7238096	3	0.7	190.7238096	0.5	12.8878273	77.64296856	0.7	20	1	2026-03-07T12:47:30.404423Z	961.2311149	131.1586156	3	1.3	190.7238096	0.5	12.88753949	77.64317403	1.3	10	0.5	1772887650		1.3	0	1.661291435	-1.452232493	0.1
932.4	3	12.88779383	77.64298967	958.1664463	190.7238096	3	0.7	190.7238096	0.5	12.88782909	77.64296798	0.7	20	1	2026-03-07T12:47:30.599455Z	961.1015131	138.4190265	3	1.3	190.7238096	0.5	12.88753496	77.64317816	1.3	10	0.5	1772887651		1.3	0	1.107585779	-1.248338596	0.1
932.4	3	12.88779383	77.64298967	958.1744463	190.7238096	3	0.7	190.7238096	0.5	12.88782909	77.64296798	0.7	20	1	2026-03-07T12:47:30.801691Z	961.1161969	163.6710377	3	1.3	190.7238096	0.5	12.88753077	77.64317942	1.3	10	0.5	1772887651		1.3	0	0.354634413	-1.210483374	0.1
932.4	3	12.887794	77.64298967	958.1714463	190.7238096	3	0.7	190.7238096	0.5	12.88783146	77.64296737	0.7	20	1	2026-03-07T12:47:30.995108Z	961.1014018	151.544042	3	1.3	190.7238096	0.5	12.88752748	77.64318125	1.3	10	0.5	1772887651		1.3	0	0.505490756	-0.932707179	0.1
932.4	3	12.887794	77.64298967	958.1604463	190.7238096	3	0.7	190.7238096	0.5	12.88783146	77.64296737	0.7	20	1	2026-03-07T12:47:31.194252Z	961.1934603	145.2534394	3	1.3	190.7238096	0.5	12.88752509	77.64318295	1.3	10	0.5	1772887651		1.3	0	0.45837483	-0.660829284	0.1
932.4	3	12.887794	77.64298967	958.1824463	190.7238096	3	0.7	190.7238096	0.5	12.88783351	77.64296685	0.7	20	1	2026-03-07T12:47:31.400988Z	961.3256531	82.01352111	3	1.3	190.7238096	0.5	12.88752557	77.64318644	1.3	10	0.5	1772887651		1.3	0	0.953052622	0.133713467	0.1
932.4	3	12.887794	77.64298967	958.1994463	190.7238096	3	0.7	190.7238096	0.5	12.88783351	77.64296685	0.7	20	1	2026-03-07T12:47:31.604632Z	961.1570453	143.452517	3	1.3	190.7238096	0.5	12.88752217	77.64318903	1.3	10	0.5	1772887652		1.3	0	0.677233488	-0.913644029	0.1
932.5	3	12.88779417	77.64298967	958.2684463	190.7238096	3	0.7	190.7238096	0.5	12.88783793	77.64296571	0.7	20	1	2026-03-07T12:47:32.042150Z	961.338597	100.6599334	3	1.3	190.7238096	0.5	12.88752022	77.64319964	1.3	10	0.5	1772887652		1.3	0	1.358851636	-0.25577365	0.1
932.5	3	12.88779417	77.64298967	958.2174463	190.7238096	3	0.7	190.7238096	0.5	12.88783793	77.64296571	0.7	20	1	2026-03-07T12:47:32.868561Z	961.1117506	246.8222982	3	1.3	190.7238096	0.5	12.88751866	77.64319589	1.3	10	0.5	1772887653		1.3	0	-0.254106282	-0.108793052	0.1
932.5	3	12.88779417	77.64298967	958.1764463	190.7238096	3	0.7	190.7238096	0.5	12.88784202	77.64296466	0.7	20	1	2026-03-07T12:47:33.224561Z	961.1408266	129.0201541	3	1.3	190.7238096	0.5	12.88751165	77.64320476	1.3	10	0.5	1772887653		1.3	0	1.208801896	-0.979572705	0.1
932.5	3	12.88779417	77.64298967	958.2484463	190.7238096	3	0.7	190.7238096	0.5	12.88784623	77.64296359	0.7	20	1	2026-03-07T12:47:33.618487Z	961.0798672	128.6067217	3	1.3	190.7238096	0.5	12.88750255	77.64321645	1.3	10	0.5	1772887654		1.3	0	1.611314329	-1.286604854	0.1
932.5	3	12.88779417	77.64298967	958.2344463	190.7238096	3	0.7	190.7238096	0.5	12.8878486	77.64296298	0.7	20	1	2026-03-07T12:47:33.808149Z	961.0158271	123.7328025	3	1.3	190.7238096	0.5	12.8874952	77.64322775	1.3	10	0.5	1772887654		1.3	0	3.167268099	-2.114926059	0.1
932.5	3	12.88779433	77.64298967	958.1604463	190.7238096	3	0.7	190.7238096	0.5	12.8878486	77.64296298	0.7	20	1	2026-03-07T12:47:34.000928Z	961.3709457	128.5742505	3	1.3	190.7238096	0.5	12.88748716	77.64323809	1.3	10	0.5	1772887654		1.3	0	2.918609956	-2.327748944	0.1
932.5	3	12.88779433	77.64298967	958.2404463	190.7238096	3	0.7	190.7238096	0.5	12.8878486	77.64296298	0.7	20	1	2026-03-07T12:47:34.439606Z	961.2224511	125.190706	3	1.3	190.7238096	0.5	12.88748291	77.64324427	1.3	10	0.5	1772887654		1.3	0	0.776789571	-0.547776079	0.1
932.5	3	12.8877945	77.64298967	958.2084463	190.7238096	3	0.7	190.7238096	0.5	12.8878528	77.6429619	0.7	20	1	2026-03-07T12:47:34.837491Z	961.0842344	134.4533028	3	1.3	190.7238096	0.5	12.88747714	77.6432503	1.3	10	0.5	1772887655		1.3	0	0.839356327	-0.823489526	0.1
932.5	3	12.8877945	77.64298967	958.2204463	190.7238096	3	0.7	190.7238096	0.5	12.8878528	77.6429619	0.7	20	1	2026-03-07T12:47:35.000511Z	961.2424114	120.2829256	3	1.3	190.7238096	0.5	12.88747229	77.64325883	1.3	10	0.5	1772887655		1.3	0	2.58665997	-1.510488175	0.1
932.5	3	12.8877945	77.64298967	958.2434463	190.7238096	3	0.7	190.7238096	0.5	12.88785733	77.64296074	0.7	20	1	2026-03-07T12:47:35.444582Z	961.1269087	120.0768692	3	1.3	190.7238096	0.5	12.88746914	77.64326441	1.3	10	0.5	1772887655		1.3	0	0.704651201	-0.408092038	0.1
932.5	3	12.8877945	77.64298967	958.2454463	190.7238096	3	0.7	190.7238096	0.5	12.88786164	77.64295963	0.7	20	1	2026-03-07T12:47:35.830400Z	961.3065405	124.6130722	3	1.3	190.7238096	0.5	12.88746444	77.64327139	1.3	10	0.5	1772887656		1.3	0	0.946398987	-0.653195661	0.1
932.5	3	12.88779467	77.64298967	958.1554463	190.7238096	3	0.7	190.7238096	0.5	12.88786164	77.64295963	0.7	20	1	2026-03-07T12:47:36.232295Z	961.2155239	123.0116479	3	1.3	190.7238096	0.5	12.88746013	77.64327819	1.3	10	0.5	1772887656		1.3	0	0.941135787	-0.611452778	0.1
932.5	3	12.88779467	77.64298967	958.2214463	190.7238096	3	0.7	190.7238096	0.5	12.88786585	77.64295855	0.7	20	1	2026-03-07T12:47:36.637581Z	961.1823768	118.7092533	3	1.3	190.7238096	0.5	12.8874579	77.64328238	1.3	10	0.5	1772887657		1.3	0	0.563219588	-0.308471952	0.1
932.5	3	12.88779483	77.64298967	958.2444463	190.7238096	3	0.7	190.7238096	0.5	12.88786779	77.64295806	0.7	20	1	2026-03-07T12:47:36.800545Z	961.2747562	150.6891094	3	1.3	190.7238096	0.5	12.88745036	77.64328672	1.3	10	0.5	1772887657		1.3	0	1.381512313	-2.460729917	0.1
932.5	3	12.88779483	77.64298967	958.1774463	190.7238096	3	0.7	190.7238096	0.5	12.88787231	77.64295689	0.7	20	1	2026-03-07T12:47:37.230119Z	961.4216289	115.4726133	3	1.3	190.7238096	0.5	12.88744575	77.64329666	1.3	10	0.5	1772887657		1.3	0	1.278133736	-0.608888766	0.1
932.5	3	12.88779483	77.64298967	958.1734463	190.7238096	3	0.7	190.7238096	0.5	12.88787447	77.64295634	0.7	20	1	2026-03-07T12:47:37.405811Z	961.2375213	136.2095115	3	1.3	190.7238096	0.5	12.88743825	77.64330402	1.3	10	0.5	1772887657		1.3	0	2.153056446	-2.245932721	0.1
932.5	3	12.887795	77.64298967	958.2514463	190.7238096	3	0.7	190.7238096	0.5	12.88787447	77.64295634	0.7	20	1	2026-03-07T12:47:37.597940Z	961.312951	132.8852826	3	1.3	190.7238096	0.5	12.88743012	77.64331301	1.3	10	0.5	1772887658		1.3	0	2.494042364	-2.316413631	0.1
932.5	3	12.887795	77.64298967	958.1824463	190.7238096	3	0.7	190.7238096	0.5	12.88787314	77.64295579	0.7	20	1	2026-03-07T12:47:37.792535Z	961.262043	135.637347	3	1.3	190.7238096	0.5	12.88742286	77.64332029	1.3	10	0.5	1772887658		1.3	0	1.982850595	-2.027462366	0.1
932.5	3	12.887795	77.64298967	958.2874463	190.7238096	3	0.7	190.7238096	0.5	12.8878753	77.64295524	0.7	20	1	2026-03-07T12:47:38.039548Z	961.5544713	126.9515801	3	1.3	190.7238096	0.5	12.88741732	77.64332785	1.3	10	0.5	1772887658		1.3	0	1.984604297	-1.492878751	0.1
932.5	3	12.887795	77.64298967	958.2044463	190.7238096	3	0.7	190.7238096	0.5	12.88787745	77.64295468	0.7	20	1	2026-03-07T12:47:38.187958Z	961.6509266	131.5513615	3	1.3	190.7238096	0.5	12.88741199	77.64333402	1.3	10	0.5	1772887658		1.3	0	1.743294049	-1.545124449	0.1
932.6	3	12.88779517	77.64298967	958.1744463	190.7238096	3	0.7	190.7238096	0.5	12.88787923	77.6429541	0.7	20	1	2026-03-07T12:47:38.404512Z	961.5289006	137.2433474	3	1.3	190.7238096	0.5	12.88740759	77.64333819	1.3	10	0.5	1772887658		1.3	0	1.11942388	-1.210703881	0.1
932.6	3	12.88779517	77.64298967	958.2044463	190.7238096	3	0.7	190.7238096	0.5	12.88788139	77.64295355	0.7	20	1	2026-03-07T12:47:38.600651Z	961.4886457	155.78318	3	1.3	190.7238096	0.5	12.88740342	77.64334011	1.3	10	0.5	1772887659		1.3	0	0.525554068	-1.16849328	0.1
932.6	3	12.88779517	77.64298967	958.1624463	190.7238096	3	0.7	190.7238096	0.5	12.88787934	77.64295302	0.7	20	1	2026-03-07T12:47:38.809873Z	961.2447519	141.0371494	3	1.3	190.7238096	0.5	12.88740011	77.64334286	1.3	10	0.5	1772887659		1.3	0	0.741046282	-0.916330115	0.1
932.6	3	12.88779517	77.64298967	958.2224463	190.7238096	3	0.7	190.7238096	0.5	12.8878816	77.64295244	0.7	20	1	2026-03-07T12:47:39.000927Z	961.4643745	157.563574	3	1.3	190.7238096	0.5	12.88739819	77.64334367	1.3	10	0.5	1772887659		1.3	0	0.216540949	-0.524421161	0.1
932.6	3	12.88779517	77.64298983	958.2624463	190.7238096	3	0.7	190.7238096	0.5	12.8878816	77.64295244	0.7	20	1	2026-03-07T12:47:39.204384Z	961.4933816	89.5529903	3	1.3	190.7238096	0.5	12.88739822	77.64334695	1.3	10	0.5	1772887659		1.3	0	0.881355058	0.006876288	0.1
932.6	3	12.88779517	77.64298983	958.1504463	190.7238096	3	0.7	190.7238096	0.5	12.88788581	77.64295137	0.7	20	1	2026-03-07T12:47:39.642607Z	961.4071864	141.3403136	3	1.3	190.7238096	0.5	12.88738996	77.64335373	1.3	10	0.5	1772887660		1.3	0	0.879771372	-1.09971901	0.1
932.6	3	12.88779517	77.64298983	958.1914463	190.7238096	3	0.7	190.7238096	0.5	12.88788648	77.64295079	0.7	20	1	2026-03-07T12:47:39.799896Z	961.6406714	143.7988781	3	1.3	190.7238096	0.5	12.88738028	77.643361	1.3	10	0.5	1772887660		1.3	0	2.136058128	-2.918433412	0.1
932.6	3	12.88779517	77.64298983	958.2464463	190.7238096	3	0.7	190.7238096	0.5	12.88788569	77.64295026	0.7	20	1	2026-03-07T12:47:40.001312Z	961.515046	155.6229376	3	1.3	190.7238096	0.5	12.8873719	77.64336489	1.3	10	0.5	1772887660		1.3	0	1.093022858	-2.412121879	0.1
932.6	3	12.88779517	77.64298983	958.2614463	190.7238096	3	0.7	190.7238096	0.5	12.88788785	77.64294971	0.7	20	1	2026-03-07T12:47:40.209384Z	961.5772081	121.8570651	3	1.3	190.7238096	0.5	12.88736843	77.64337062	1.3	10	0.5	1772887660		1.3	0	1.493243568	-0.927910484	0.1
932.6	3	12.88779517	77.64298983	958.1844463	190.7238096	3	0.7	190.7238096	0.5	12.88789011	77.64294913	0.7	20	1	2026-03-07T12:47:40.411136Z	961.573656	132.5252948	3	1.3	190.7238096	0.5	12.88736445	77.64337507	1.3	10	0.5	1772887660		1.3	0	1.246510844	-1.143229532	0.1
932.6	3	12.88779517	77.64298983	958.1574463	190.7238096	3	0.7	190.7238096	0.5	12.88789216	77.6429486	0.7	20	1	2026-03-07T12:47:40.595971Z	961.6227939	149.073178	3	1.3	190.7238096	0.5	12.88735807	77.64337899	1.3	10	0.5	1772887661		1.3	0	1.083940177	-1.809209483	0.1
932.7	3	12.88779517	77.64298983	958.2094463	190.7238096	3	0.7	190.7238096	0.5	12.88789421	77.64294808	0.7	20	1	2026-03-07T12:47:40.799587Z	961.8317805	177.4397548	3	1.3	190.7238096	0.5	12.88735115	77.64337931	1.3	10	0.5	1772887661		1.3	0	0.086685948	-1.938655256	0.1
932.7	3	12.88779517	77.64298983	958.2314463	190.7238096	3	0.7	190.7238096	0.5	12.88789647	77.6429475	0.7	20	1	2026-03-07T12:47:40.998484Z	961.4505162	153.8352708	3	1.3	190.7238096	0.5	12.88734643	77.64338169	1.3	10	0.5	1772887661		1.3	0	0.647881049	-1.318716754	0.1
932.7	3	12.88779533	77.64298983	958.1854463	190.7238096	3	0.7	190.7238096	0.5	12.88789874	77.64294691	0.7	20	1	2026-03-07T12:47:41.191084Z	961.4077656	173.6756192	3	1.3	190.7238096	0.5	12.88734209	77.64338219	1.3	10	0.5	1772887661		1.3	0	0.133375876	-1.203408438	0.1
932.7	3	12.8877955	77.64298983	958.1854463	190.7238096	3	0.7	190.7238096	0.5	12.88789874	77.64294691	0.7	20	1	2026-03-07T12:47:41.191084Z	961.5771873	113.1538199	3	1.3	190.7238096	0.5	12.88733642	77.64339579	1.3	10	0.5	1772887662		1.3	0	0.718413535	-0.307227266	0.1
932.7	3	12.8877955	77.64298983	958.2614463	190.7238096	3	0.7	190.7238096	0.5	12.88790089	77.64294636	0.7	20	1	2026-03-07T12:47:42.402985Z	961.8161587	110.5376379	3	1.3	190.7238096	0.5	12.88732942	77.64341496	1.3	10	0.5	1772887662		1.3	0	5.836803033	-2.186662517	0.1
932.7	3	12.8877955	77.64298983	958.1934463	190.7238096	3	0.7	190.7238096	0.5	12.88790089	77.64294636	0.7	20	1	2026-03-07T12:47:42.824740Z	961.5041689	106.3939423	3	1.3	190.7238096	0.5	12.88732485	77.64343089	1.3	10	0.5	1772887663		1.3	0	2.078374372	-0.611460077	0.1
932.7	3	12.8877955	77.64298983	958.1724463	190.7238096	3	0.7	190.7238096	0.5	12.88790089	77.64294636	0.7	20	1	2026-03-07T12:47:42.998744Z	961.5750627	125.4064927	3	1.3	190.7238096	0.5	12.88731739	77.64344166	1.3	10	0.5	1772887663		1.3	0	3.173566991	-2.255877959	0.1
932.7	3	12.8877955	77.64298983	958.2414463	190.7238096	3	0.7	190.7238096	0.5	12.88790089	77.64294636	0.7	20	1	2026-03-07T12:47:43.236852Z	961.7267565	140.2753772	3	1.3	190.7238096	0.5	12.88730896	77.64344884	1.3	10	0.5	1772887663		1.3	0	1.892239926	-2.277222047	0.1
932.7	3	12.8877955	77.64298983	958.2014463	190.7238096	3	0.7	190.7238096	0.5	12.88790089	77.64294636	0.7	20	1	2026-03-07T12:47:43.394966Z	961.581124	150.3623628	3	1.3	190.7238096	0.5	12.88730193	77.64345295	1.3	10	0.5	1772887663		1.3	0	1.172427605	-2.060692796	0.1
932.7	3	12.8877955	77.64298983	958.1744463	190.7238096	3	0.7	190.7238096	0.5	12.88790089	77.64294636	0.7	20	1	2026-03-07T12:47:43.839922Z	961.6210053	113.6193139	3	1.3	190.7238096	0.5	12.88729739	77.64346359	1.3	10	0.5	1772887664		1.3	0	1.349411147	-0.590085011	0.1
932.7	3	12.8877955	77.64298983	958.1524463	190.7238096	3	0.7	190.7238096	0.5	12.88790089	77.64294636	0.7	20	1	2026-03-07T12:47:44.240436Z	961.531251	118.3571192	3	1.3	190.7238096	0.5	12.88729122	77.64347533	1.3	10	0.5	1772887664		1.3	0	1.570954515	-0.847893107	0.1
932.8	3	12.8877955	77.64298983	958.2094463	190.7238096	3	0.7	190.7238096	0.5	12.8879051	77.64294528	0.7	20	1	2026-03-07T12:47:44.636324Z	961.5755301	140.203693	3	1.3	190.7238096	0.5	12.88728527	77.64348041	1.3	10	0.5	1772887665		1.3	0	0.691449371	-0.83001209	0.1
932.8	3	12.8877955	77.64298983	958.1724463	190.7238096	3	0.7	190.7238096	0.5	12.8879051	77.64294528	0.7	20	1	2026-03-07T12:47:44.809117Z	961.4714582	131.0507202	3	1.3	190.7238096	0.5	12.88728084	77.64348562	1.3	10	0.5	1772887665		1.3	0	1.644000803	-1.43166512	0.1
932.8	3	12.88779533	77.64298983	958.1764463	190.7238096	3	0.7	190.7238096	0.5	12.8879051	77.64294528	0.7	20	1	2026-03-07T12:47:45.240096Z	961.4648565	129.4361404	3	1.3	190.7238096	0.5	12.88727595	77.64349173	1.3	10	0.5	1772887665		1.3	0	0.783942166	-0.644765907	0.1
932.8	3	12.88779533	77.64298983	958.1914463	190.7238096	3	0.7	190.7238096	0.5	12.8879051	77.64294528	0.7	20	1	2026-03-07T12:47:45.645033Z	961.8193535	140.0663518	3	1.3	190.7238096	0.5	12.88726808	77.64349848	1.3	10	0.5	1772887666		1.3	0	0.910675974	-1.087857352	0.1
932.8	3	12.88779533	77.64298983	958.2104463	190.7238096	3	0.7	190.7238096	0.5	12.88790693	77.64294481	0.7	20	1	2026-03-07T12:47:45.802446Z	961.6095382	145.5829308	3	1.3	190.7238096	0.5	12.88726148	77.64350313	1.3	10	0.5	1772887666		1.3	0	1.411479617	-2.060097156	0.1
932.8	3	12.88779533	77.64299	958.1434463	190.7238096	3	0.7	190.7238096	0.5	12.88790693	77.64294481	0.7	20	1	2026-03-07T12:47:46.006317Z	961.677245	127.5850091	3	1.3	190.7238096	0.5	12.88725631	77.64351001	1.3	10	0.5	1772887666		1.3	0	1.844827041	-1.419939292	0.1
932.8	3	12.88779533	77.64299	958.1444463	190.7238096	3	0.7	190.7238096	0.5	12.88790693	77.64294481	0.7	20	1	2026-03-07T12:47:46.203952Z	961.4965188	140.0379309	3	1.3	190.7238096	0.5	12.88724682	77.64351817	1.3	10	0.5	1772887666		1.3	0	2.233118533	-2.664907918	0.1
932.8	3	12.8877955	77.64299	958.2364463	190.7238096	3	0.7	190.7238096	0.5	12.88790887	77.64294432	0.7	20	1	2026-03-07T12:47:46.403674Z	961.5527706	136.5068206	3	1.3	190.7238096	0.5	12.88723384	77.6435308	1.3	10	0.5	1772887666		1.3	0	3.472567071	-3.660194693	0.1
932.8	3	12.8877955	77.64299	958.1734463	190.7238096	3	0.7	190.7238096	0.5	12.88791113	77.64294374	0.7	20	1	2026-03-07T12:47:46.590250Z	961.6854076	142.3553809	3	1.3	190.7238096	0.5	12.88722188	77.64354026	1.3	10	0.5	1772887667		1.3	0	2.630372766	-3.410111854	0.1
932.9	3	12.8877955	77.64299	958.1264463	190.7238096	3	0.7	190.7238096	0.5	12.88791566	77.64294257	0.7	20	1	2026-03-07T12:47:47.049779Z	961.4716496	123.0681978	3	1.3	190.7238096	0.5	12.88721386	77.64355291	1.3	10	0.5	1772887667		1.3	0	1.589567201	-1.034969039	0.1
932.9	3	12.8877955	77.64299	958.1804463	190.7238096	3	0.7	190.7238096	0.5	12.88791566	77.64294257	0.7	20	1	2026-03-07T12:47:47.216816Z	961.9418896	141.3764907	3	1.3	190.7238096	0.5	12.88720426	77.64356078	1.3	10	0.5	1772887667		1.3	0	2.409392376	-3.015655069	0.1
932.9	3	12.88779567	77.64299	958.1304463	190.7238096	3	0.7	190.7238096	0.5	12.88791792	77.64294199	0.7	20	1	2026-03-07T12:47:47.406604Z	961.5479005	143.9897945	3	1.3	190.7238096	0.5	12.88719674	77.64356639	1.3	10	0.5	1772887667		1.3	0	1.534047896	-2.1106451	0.1
932.9	3	12.88779567	77.64298983	958.1674463	190.7238096	3	0.7	190.7238096	0.5	12.88792245	77.64294083	0.7	20	1	2026-03-07T12:47:47.832760Z	961.6711826	136.4291923	3	1.3	190.7238096	0.5	12.88718972	77.64357324	1.3	10	0.5	1772887668		1.3	0	0.886929926	-0.932318884	0.1
932.9	3	12.88779567	77.64298983	958.1764463	190.7238096	3	0.7	190.7238096	0.5	12.88792439	77.64294033	0.7	20	1	2026-03-07T12:47:47.999043Z	961.5639829	129.7982091	3	1.3	190.7238096	0.5	12.88718341	77.643581	1.3	10	0.5	1772887668		1.3	0	2.353500502	-1.960738067	0.1
932.9	3	12.88779567	77.64298983	958.1164463	190.7238096	3	0.7	190.7238096	0.5	12.88792439	77.64294033	0.7	20	1	2026-03-07T12:47:48.457261Z	961.7910673	127.3052263	3	1.3	190.7238096	0.5	12.88717414	77.64359349	1.3	10	0.5	1772887668		1.3	0	1.526506808	-1.163106622	0.1
932.9	3	12.88779567	77.64298983	958.2004463	190.7238096	3	0.7	190.7238096	0.5	12.88792439	77.64294033	0.7	20	1	2026-03-07T12:47:48.829933Z	961.5371065	135.8785039	3	1.3	190.7238096	0.5	12.88716261	77.64360495	1.3	10	0.5	1772887669		1.3	0	1.630748188	-1.681538756	0.1
932.9	3	12.88779567	77.64299	958.2064463	190.7238096	3	0.7	190.7238096	0.5	12.88792439	77.64294033	0.7	20	1	2026-03-07T12:47:49.025726Z	961.8111858	122.6884401	3	1.3	190.7238096	0.5	12.88715419	77.64361841	1.3	10	0.5	1772887669		1.3	0	4.00355902	-2.569098694	0.1
932.9	3	12.88779567	77.64299	958.0744463	190.7238096	3	0.7	190.7238096	0.5	12.88792439	77.64294033	0.7	20	1	2026-03-07T12:47:49.453189Z	961.6732416	117.669314	3	1.3	190.7238096	0.5	12.88714585	77.64363473	1.3	10	0.5	1772887669		1.3	0	2.091906176	-1.096846515	0.1
933	3	12.88779567	77.64298983	958.0844463	190.7238096	3	0.7	190.7238096	0.5	12.88792439	77.64294033	0.7	20	1	2026-03-07T12:47:49.850574Z	961.6890155	136.7178166	3	1.3	190.7238096	0.5	12.88713714	77.64364314	1.3	10	0.5	1772887670		1.3	0	1.143787849	-1.21451462	0.1
933	3	12.88779567	77.64298983	958.1324463	190.7238096	3	0.7	190.7238096	0.5	12.88792439	77.64294033	0.7	20	1	2026-03-07T12:47:50.235440Z	961.7502938	137.6472537	3	1.3	190.7238096	0.5	12.88712602	77.64365355	1.3	10	0.5	1772887670		1.3	0	1.442503029	-1.582361255	0.1
933	3	12.88779567	77.64298983	958.0634463	190.7238096	3	0.7	190.7238096	0.5	12.88792439	77.64294033	0.7	20	1	2026-03-07T12:47:50.420511Z	961.7564253	142.732948	3	1.3	190.7238096	0.5	12.88711551	77.64366175	1.3	10	0.5	1772887670		1.3	0	2.413476698	-3.171923259	0.1
933	3	12.88779567	77.64298983	958.1354463	190.7238096	3	0.7	190.7238096	0.5	12.88792439	77.64294033	0.7	20	1	2026-03-07T12:47:50.600194Z	961.7269263	163.0295701	3	1.3	190.7238096	0.5	12.88710581	77.64366479	1.3	10	0.5	1772887671		1.3	0	0.85415889	-2.798993573	0.1
933	3	12.88779567	77.64298983	958.0484463	190.7238096	3	0.7	190.7238096	0.5	12.88792666	77.64293975	0.7	20	1	2026-03-07T12:47:50.815318Z	961.6724435	165.4484259	3	1.3	190.7238096	0.5	12.88709699	77.64366713	1.3	10	0.5	1772887671		1.3	0	0.637373006	-2.455418557	0.1
933	3	12.88779567	77.64298983	958.0184463	190.7238096	3	0.7	190.7238096	0.5	12.88792666	77.64293975	0.7	20	1	2026-03-07T12:47:51.008080Z	961.808651	178.9819507	3	1.3	190.7238096	0.5	12.88709114	77.64366724	1.3	10	0.5	1772887671		1.3	0	0.028970419	-1.630282648	0.1
933	3	12.88779567	77.64298983	958.0874463	190.7238096	3	0.7	190.7238096	0.5	12.88792666	77.64293975	0.7	20	1	2026-03-07T12:47:51.433719Z	961.6380551	137.3522637	3	1.3	190.7238096	0.5	12.88708018	77.64367759	1.3	10	0.5	1772887671		1.3	0	1.332836419	-1.447027178	0.1
933	3	12.8877955	77.64299	958.0854463	190.7238096	3	0.7	190.7238096	0.5	12.88792849	77.64293928	0.7	20	1	2026-03-07T12:47:51.608384Z	961.7975696	143.5695121	3	1.3	190.7238096	0.5	12.88706907	77.64368601	1.3	10	0.5	1772887672		1.3	0	2.526967339	-3.42367947	0.1
933	3	12.8877955	77.64299	958.0324463	190.7238096	3	0.7	190.7238096	0.5	12.88792849	77.64293928	0.7	20	1	2026-03-07T12:47:51.799107Z	961.8068743	138.6719629	3	1.3	190.7238096	0.5	12.88706251	77.64369193	1.3	10	0.5	1772887672		1.3	0	1.610504728	-1.831390887	0.1
933.1	3	12.8877955	77.64299	957.9794463	190.7238096	3	0.7	190.7238096	0.5	12.88792612	77.64293868	0.7	20	1	2026-03-07T12:47:52.005413Z	961.7008693	148.5169418	3	1.3	190.7238096	0.5	12.88705656	77.64369566	1.3	10	0.5	1772887672		1.3	0	0.98490764	-1.608290456	0.1
933.1	3	12.8877955	77.64299	957.9664463	190.7238096	3	0.7	190.7238096	0.5	12.88792407	77.64293815	0.7	20	1	2026-03-07T12:47:52.196686Z	961.8049645	167.3328584	3	1.3	190.7238096	0.5	12.88705058	77.64369704	1.3	10	0.5	1772887672		1.3	0	0.386861328	-1.721241101	0.1
933.1	3	12.88779567	77.64299	957.9404463	190.7238096	3	0.7	190.7238096	0.5	12.88792441	77.64293763	0.7	20	1	2026-03-07T12:47:52.408126Z	961.6724435	173.7415152	3	1.3	190.7238096	0.5	12.8870476	77.64369738	1.3	10	0.5	1772887672		1.3	0	0.092206287	-0.840779063	0.1
933.1	3	12.88779567	77.64299	957.9584463	190.7238096	3	0.7	190.7238096	0.5	12.88792214	77.64293705	0.7	20	1	2026-03-07T12:47:52.605718Z	961.7558097	172.0877656	3	1.3	190.7238096	0.5	12.88704541	77.64369769	1.3	10	0.5	1772887673		1.3	0	0.083467414	-0.600575233	0.1
933.1	3	12.88779567	77.64299	957.9654463	190.7238096	3	0.7	190.7238096	0.5	12.88791988	77.64293646	0.7	20	1	2026-03-07T12:47:52.802986Z	961.6047935	180.6972531	3	1.3	190.7238096	0.5	12.88704172	77.64369764	1.3	10	0.5	1772887673		1.3	0	-0.012665659	-1.040731017	0.1
933.1	3	12.88779567	77.64299	957.9004463	190.7238096	3	0.7	190.7238096	0.5	12.88791876	77.64293597	0.7	20	1	2026-03-07T12:47:53.000979Z	961.7066552	183.7166241	3	1.3	190.7238096	0.5	12.88703978	77.64369751	1.3	10	0.5	1772887673		1.3	0	-0.034931352	-0.537749042	0.1
933.1	3	12.88779567	77.64299	957.9124463	190.7238096	3	0.7	190.7238096	0.5	12.88791761	77.64293546	0.7	20	1	2026-03-07T12:47:53.197799Z	961.7025096	159.6145266	3	1.3	190.7238096	0.5	12.88703945	77.64369764	1.3	10	0.5	1772887673		1.3	0	0.034675904	-0.093313103	0.1
933.2	3	12.88779567	77.64299017	957.9574463	190.7238096	3	0.7	190.7238096	0.5	12.88791735	77.64293491	0.7	20	1	2026-03-07T12:47:53.404970Z	961.4881275	121.1770028	3	1.3	190.7238096	0.5	12.88703924	77.643698	1.3	10	0.5	1772887673		1.3	0	0.096839622	-0.058595048	0.1
933.2	3	12.88779567	77.64299017	957.9394463	190.7238096	3	0.7	190.7238096	0.5	12.88791962	77.64293458	0.7	20	1	2026-03-07T12:47:53.634126Z	961.7611397	261.0903025	3	1.3	190.7238096	0.5	12.88703921	77.64369781	1.3	10	0.5	1772887674		1.3	0	-0.047747882	-0.007485399	0.1
933.2	3	12.88779567	77.64299	957.9544463	190.7238096	3	0.7	190.7238096	0.5	12.88792177	77.64293403	0.7	20	1	2026-03-07T12:47:53.808442Z	961.6283634		3	1.3	190.7238096	0.5	12.88703926	77.64369778	1.3	10	0.5	1772887674		1.3	0	-0.0083678	0.013801455	0.1
933.2	3	12.88779567	77.64299	957.9444463	190.7238096	3	0.7	190.7238096	0.5	12.88792376	77.64293352	0.7	20	1	2026-03-07T12:47:53.996248Z	961.7171774	199.3994108	3	1.3	190.7238096	0.5	12.88703905	77.64369771	1.3	10	0.5	1772887674		1.3	0	-0.020359757	-0.057816563	0.1
933.2	3	12.88779567	77.64299	957.9114463	190.7238096	3	0.7	190.7238096	0.5	12.88792602	77.64293294	0.7	20	1	2026-03-07T12:47:54.198796Z	961.6082057	213.3276209	3	1.3	190.7238096	0.5	12.88703884	77.64369757	1.3	10	0.5	1772887674		1.3	0	-0.038494688	-0.058541042	0.1
933.2	3	12.88779567	77.64299	957.9104463	190.7238096	3	0.7	190.7238096	0.5	12.88792796	77.64293265	0.7	20	1	2026-03-07T12:47:54.394867Z	961.6318951	152.7092159	3	1.3	190.7238096	0.5	12.88703853	77.64369773	1.3	10	0.5	1772887674		1.3	0	0.045572581	-0.088330115	0.1
933.2	3	12.88779583	77.64299	957.9204463	190.7238096	3	0.7	190.7238096	0.5	12.88793004	77.64293235	0.7	20	1	2026-03-07T12:47:54.607842Z	961.6733517	204.4502242	3	1.3	190.7238096	0.5	12.88703822	77.64369759	1.3	10	0.5	1772887675		1.3	0	-0.037766383	-0.083061915	0.1
933.2	3	12.88779583	77.64299	957.8904463	190.7238096	3	0.7	190.7238096	0.5	12.88793231	77.64293177	0.7	20	1	2026-03-07T12:47:54.805418Z	961.7929844	208.248929	3	1.3	190.7238096	0.5	12.88703771	77.64369731	1.3	10	0.5	1772887675		1.3	0	-0.076524374	-0.14242517	0.1
