timestamp_utc,timestamp_unix,origin_set,gps_healthy,gps_sentence_type,gps_raw_sentence,gps_talker,gps_fix_time_utc,gps_date_ddmmyy,gps_status,gps_mode,gps_fix_quality,gps_satellites,gps_hdop,gps_pdop,gps_vdop,gps_latitude_deg,gps_longitude_deg,gps_altitude_m,gps_geoid_separation_m,gps_speed_knots,gps_speed_kmph,gps_course_deg,gps_mag_var_deg,gps_nav_mode,state_lat,state_lon,state_baro_alt_m,state_heading_deg,imu_ax_mps2,imu_ay_mps2,flow_distance_mm,flow_distance_m,flow_strength,flow_precision,flow_distance_status,flow_status,flow_quality,flow_ok,flow_raw_vx_cms_at_1m,flow_raw_vy_cms_at_1m,flow_vx_mps,flow_vy_mps,flow_vn_mps,flow_ve_mps,flow_speed_mps
2026-03-16T06:58:55.305505+00:00,1773644335.305378,True,False,,,,,,,,,,,,,,,,,,,,,,12.9716,77.5946,971.9984998176395,77.73382338923199,-0.00980665,0.3530394,170,0.17,255,0,1,1,64,True,100,0,-0.17,-0.0,-0.03874705112080096,-0.16231373969141505,0.16687445599363135
2026-03-16T06:58:55.405564+00:00,1773644335.405459,True,False,,,,,,,,,,,,,,,,,,,,,,12.9716,77.5946,972.368261243237,77.73492902077095,-0.04903325,0.3530394,173,0.173,255,0,1,1,64,True,40,0,-0.0692,-0.0,-0.041420973723546736,-0.10884868568831883,0.11646344250571153
2026-03-16T06:58:55.505621+00:00,1773644335.505540,True,False,,,,,,,,,,,,,,,,,,,,,,12.9716,77.5946,972.184394627567,77.73649894675259,-0.02941995,0.3530394,171,0.171,255,0,1,1,65,True,0,20,-0.0,-0.0342,-0.027619875564261327,-0.06106978086364284,0.06702518676526487
2026-03-16T06:58:55.605683+00:00,1773644335.605612,True,False,,,,,,,,,,,,,,,,,,,,,,12.9716,77.5946,972.107784419718,77.73857091352363,-0.00980665,0.36284605000000003,169,0.169,255,0,1,1,65,True,120,20,-0.2028,-0.033800000000000004,-0.04146394890404525,-0.11625854493747631,0.12343139118431937
2026-03-16T06:58:55.705769+00:00,1773644335.705686,True,False,,,,,,,,,,,,,,,,,,,,,,12.9716,77.5946,971.8987944108902,77.74069770727846,0.0196133,0.34323275,169,0.169,255,0,1,1,67,True,20,0,-0.033800000000000004,-0.0,-0.047793533323497735,-0.0776103207809604,0.09114594735515048
2026-03-16T06:58:55.805834+00:00,1773644335.805762,True,False,,,,,,,,,,,,,,,,,,,,,,12.9716,77.5946,972.1696854274165,77.74259475162893,-0.0196133,0.36284605000000003,169,0.169,255,0,1,1,72,True,0,0,-0.0,-0.0,-0.050788995061379454,-0.043582584537769066,0.06692506028638759
2026-03-16T06:58:55.905916+00:00,1773644335.905837,True,False,,,,,,,,,,,,,,,,,,,,,,12.9716,77.5946,972.4185186382535,77.7443615569195,-0.0588399,0.3530394,169,0.169,255,0,1,1,66,True,0,0,-0.0,-0.0,-0.052675416842114096,-0.02545841691644982,0.0585049615962805
2026-03-16T06:58:56.005983+00:00,1773644336.005912,True,False,,,,,,,,,,,,,,,,,,,,,,12.9716,77.5946,972.1658203574659,77.74627593102264,0.0,0.3334261,167,0.167,255,0,1,1,64,True,20,0,-0.033400000000000006,-0.0,-0.054719576438930585,-0.023951183528344213,0.05973182768059583
2026-03-16T06:58:56.106095+00:00,1773644336.105998,True,False,,,,,,,,,,,,,,,,,,,,,,12.9716,77.5946,972.1131110559355,77.74756487737727,0.0,0.3334261,171,0.171,255,0,1,1,64,True,0,0,-0.0,-0.0,-0.05321532631997218,-0.010279308280566841,0.05419903259347028
2026-03-16T06:58:56.206154+00:00,1773644336.206079,True,False,,,,,,,,,,,,,,,,,,,,,,12.9716,77.5946,972.2947142383467,77.747785767788,-0.0196133,0.36284605000000003,170,0.17,255,0,1,1,66,True,0,0,-0.0,-0.0,-0.05431258595478827,-0.002737087527117075,0.05438151010433017
2026-03-16T06:58:56.306228+00:00,1773644336.306149,True,False,,,,,,,,,,,,,,,,,,,,,,12.9716,77.5946,972.1629437170718,77.74779408984102,-0.0392266,0.36284605000000003,170,0.17,255,0,1,1,73,True,-180,0,0.306,-0.0,-0.02987735423100158,0.11746668917591345,0.12120676285502971
2026-03-16T06:58:56.406294+00:00,1773644336.406221,True,False,,,,,,,,,,,,,,,,,,,,,,12.9716,77.5946,972.0373034867226,77.74758234623806,-0.0196133,0.34323275,170,0.17,255,0,1,1,70,True,40,0,-0.068,-0.0,-0.04455746099866985,0.048920010233580405,0.06617049744335912
2026-03-16T06:58:56.506374+00:00,1773644336.506294,True,False,,,,,,,,,,,,,,,,,,,,,,12.9716,77.5946,972.0428193699895,77.74757592065674,0.0,0.34323275,173,0.173,255,0,1,1,73,True,-60,0,0.10379999999999999,-0.0,-0.03901419432434515,0.07387010569918095,0.08353981011940315
2026-03-16T06:58:56.606434+00:00,1773644336.606364,True,False,,,,,,,,,,,,,,,,,,,,,,12.9716,77.5946,972.0895861754458,77.74845224370631,-0.00980665,0.34323275,172,0.172,255,0,1,1,68,True,0,0,-0.0,-0.0,-0.04436448331429626,0.048882208915160964,0.06601270883829805
2026-03-16T06:58:56.706473+00:00,1773644336.706394,True,False,,,,,,,,,,,,,,,,,,,,,,12.9716,77.5946,972.1145260971879,77.7500894529096,-0.0392266,0.3530394,173,0.173,255,0,1,1,70,True,60,0,-0.10379999999999999,-0.0,-0.05718467978217903,-0.007580702268744084,0.05768496033350198
2026-03-16T06:58:56.806535+00:00,1773644336.806464,True,False,,,,,,,,,,,,,,,,,,,,,,12.9716,77.5946,972.0544640212707,77.75196677374686,0.0,0.3530394,171,0.171,255,0,1,1,66,True,-20,0,0.0342,-0.0,-0.0530656304306446,0.012997977762338983,0.05463431667836629
2026-03-16T06:58:56.906615+00:00,1773644336.906533,True,False,,,,,,,,,,,,,,,,,,,,,,12.9716,77.5946,971.811767452018,77.75404142053242,-0.00980665,0.3530394,170,0.17,255,0,1,1,71,True,0,0,-0.0,-0.0,-0.05351434557801366,0.011905293571014632,0.054822633990488936
2026-03-16T06:58:57.006672+00:00,1773644337.006602,True,False,,,,,,,,,,,,,,,,,,,,,,12.9716,77.5946,972.2223934831474,77.75620731735808,-0.0196133,0.3530394,171,0.171,255,0,1,1,73,True,-240,-20,0.41040000000000004,0.0342,-0.03297954269992323,0.17009734194098652,0.17326498772713705
2026-03-16T06:58:57.106747+00:00,1773644337.106672,True,False,,,,,,,,,,,,,,,,,,,,,,12.9716,77.5946,972.1414928472531,77.75800055590224,-0.0196133,0.3530394,172,0.172,255,0,1,1,70,True,0,0,-0.0,-0.0,-0.04139843662448803,0.10707283994568167,0.11479731533875397
2026-03-16T06:58:57.206812+00:00,1773644337.206741,True,False,,,,,,,,,,,,,,,,,,,,,,12.9716,77.5946,971.9774331591823,77.75888252115908,-0.00980665,0.3530394,171,0.171,255,0,1,1,67,True,0,0,-0.0,-0.0,-0.04640292254955483,0.06924297426488885,0.08335358844217831
2026-03-16T06:58:57.306957+00:00,1773644337.306870,True,False,,,,,,,,,,,,,,,,,,,,,,12.9716,77.5946,972.1752013752282,77.75910146240483,-0.02941995,0.34323275,174,0.174,255,0,1,1,66,True,-40,0,0.0696,-0.0,-0.04336720479372437,0.07145082690978474,0.08358190664080863
2026-03-16T06:58:57.407009+00:00,1773644337.406940,True,False,,,,,,,,,,,,,,,,,,,,,,12.9716,77.5946,972.0526253913217,77.75931103539358,-0.02941995,0.3530394,172,0.172,255,0,1,1,69,True,0,-20,-0.0,0.03439999999999999,-0.06098326361395663,0.049208315980153045,0.0783608116510537
2026-03-16T06:58:57.507082+00:00,1773644337.507013,True,False,,,,,,,,,,,,,,,,,,,,,,12.9716,77.5946,972.4186973470901,77.7601021507632,-0.0196133,0.3530394,171,0.171,255,0,1,1,65,True,40,0,-0.0684,-0.0,-0.06412942570373847,0.007285311218034211,0.06454191661730327
2026-03-16T06:58:57.607148+00:00,1773644337.607080,True,False,,,,,,,,,,,,,,,,,,,,,,12.9716,77.5946,971.8665069527135,77.76065312837687,0.0,0.34323275,173,0.173,255,0,1,1,67,True,20,0,-0.0346,-0.0,-0.06241014105028039,-0.004325507313035777,0.062559857092476
2026-03-16T06:58:57.707217+00:00,1773644337.707148,True,False,,,,,,,,,,,,,,,,,,,,,,12.9716,77.5946,972.3273787623629,77.76161850427269,-0.02941995,0.34323275,165,0.165,255,0,1,1,62,True,20,20,-0.033,-0.033,-0.049017070497578495,-0.015277279781090121,0.05134265748550892
2026-03-16T06:58:57.807285+00:00,1773644337.807215,True,False,,,,,,,,,,,,,,,,,,,,,,12.9716,77.5946,972.1330993937139,77.76257985009647,-0.0392266,0.3530394,166,0.166,255,0,1,1,67,True,0,0,-0.0,-0.0,-0.051426997469817534,-0.007085693270628277,0.051912841550872994
2026-03-16T06:58:57.907354+00:00,1773644337.907283,True,False,,,,,,,,,,,,,,,,,,,,,,12.9716,77.5946,972.2000848363429,77.76364345517919,0.0,0.36284605000000003,165,0.165,255,0,1,1,65,True,0,0,-0.0,-0.0,-0.05297341433137231,0.0003717081519599826,0.05297471843128073
2026-03-16T06:58:58.007418+00:00,1773644338.007350,True,False,,,,,,,,,,,,,,,,,,,,,,12.9716,77.5946,971.9884645540992,77.76468557892815,-0.00980665,0.3530394,165,0.165,255,0,1,1,69,True,0,0,-0.0,-0.0,-0.053458257967311636,0.004205375780054969,0.05362341401245459
2026-03-16T06:58:58.107488+00:00,1773644338.107417,True,False,,,,,,,,,,,,,,,,,,,,,,12.9716,77.5946,972.1345101314087,77.76601899428812,-0.0392266,0.3530394,166,0.166,255,0,1,1,69,True,0,0,-0.0,-0.0,-0.05413402545548792,0.004787900379418878,0.054345346645859695
2026-03-16T06:58:58.207553+00:00,1773644338.207484,True,False,,,,,,,,,,,,,,,,,,,,,,12.9716,77.5946,971.9651760663355,77.76714954407595,-0.04903325,0.3530394,163,0.163,255,0,1,1,74,True,-20,0,0.032600000000000004,-0.0,-0.051975508528071805,0.016998842846770418,0.05468467925187879
2026-03-16T06:58:58.307622+00:00,1773644338.307551,True,False,,,,,,,,,,,,,,,,,,,,,,12.9716,77.5946,972.0726128615005,77.76797510705615,-0.00980665,0.3530394,165,0.165,255,0,1,1,67,True,0,0,-0.0,-0.0,-0.05285028485121452,0.014338607234453378,0.0547608278450795
2026-03-16T06:58:58.407688+00:00,1773644338.407618,True,False,,,,,,,,,,,,,,,,,,,,,,12.9716,77.5946,972.0995779671528,77.76914028536862,-0.00980665,0.3530394,166,0.166,255,0,1,1,65,True,0,0,-0.0,-0.0,-0.05338348170376486,0.012716718364209269,0.05487723612547205
2026-03-16T06:58:58.507755+00:00,1773644338.507686,True,False,,,,,,,,,,,,,,,,,,,,,,12.9716,77.5946,972.0487120261377,77.77005618590181,-0.0196133,0.36284605000000003,166,0.166,255,0,1,1,65,True,-20,0,0.0332,-0.0,-0.051673593185903255,0.023939950860444256,0.056949815451349035
2026-03-16T06:58:58.607855+00:00,1773644338.607783,True,False,,,,,,,,,,,,,,,,,,,,,,12.9716,77.5946,972.1872150044602,77.77140350150307,-0.0392266,0.36284605000000003,165,0.165,255,0,1,1,68,True,0,0,-0.0,-0.0,-0.05363531682367617,0.01694097401035107,0.056247167139292543
2026-03-16T06:58:58.708024+00:00,1773644338.707882,True,False,,,,,,,,,,,,,,,,,,,,,,12.9716,77.5946,972.0695486490138,77.77284655166142,-0.00980665,0.34323275,167,0.167,255,0,1,1,73,True,340,0,-0.5678,-0.0,-0.10024290836234816,-0.20253622693101672,0.22598576038413223
2026-03-16T06:58:58.808087+00:00,1773644338.807976,True,False,,,,,,,,,,,,,,,,,,,,,,12.9716,77.5946,972.0750642320852,77.77400542918258,0.00980665,0.34323275,165,0.165,255,0,1,1,72,True,20,0,-0.033,-0.0,-0.08416161402495165,-0.13101666087761166,0.1557194358543725
2026-03-16T06:58:58.908159+00:00,1773644338.908058,True,False,,,,,,,,,,,,,,,,,,,,,,12.9716,77.5946,972.2370361095924,77.77455726230579,-0.00980665,0.3530394,165,0.165,255,0,1,1,73,True,0,-20,-0.0,0.033,-0.08506312946529568,-0.07314800162594778,0.11218897511029911
2026-03-16T06:58:59.008243+00:00,1773644339.008137,True,False,,,,,,,,,,,,,,,,,,,,,,12.9716,77.5946,971.9359497917592,77.77503579202255,-0.04903325,0.3530394,166,0.166,255,0,1,1,68,True,20,0,-0.0332,-0.0,-0.07626996104700853,-0.05561708373875115,0.0943947401167854
2026-03-16T06:58:59.108321+00:00,1773644339.108216,True,False,,,,,,,,,,,,,,,,,,,,,,12.9716,77.5946,972.1737323391416,77.77602543315771,-0.0196133,0.3530394,165,0.165,255,0,1,1,68,True,0,0,-0.0,-0.0,-0.0677855815203929,-0.030507934597972793,0.07433450837593546
2026-03-16T06:58:59.208384+00:00,1773644339.208291,True,False,,,,,,,,,,,,,,,,,,,,,,12.9716,77.5946,972.1467670567179,77.77684523559645,0.0196133,0.34323275,166,0.166,255,0,1,1,63,True,-20,0,0.0332,-0.0,-0.05877812693974554,-0.0003220567429241053,0.058779009238762295
2026-03-16T06:58:59.310067+00:00,1773644339.309892,True,False,,,,,,,,,,,,,,,,,,,,,,12.9716,77.5946,972.0952880596808,77.77750680016794,0.0,0.34323275,165,0.165,255,0,1,1,67,True,-120,0,0.198,-0.0,-0.04003875990295881,0.08013359285707215,0.08957954564938242
2026-03-16T06:58:59.410044+00:00,1773644339.409972,True,False,,,,,,,,,,,,,,,,,,,,,,12.9716,77.5946,972.1026421877677,77.7776158777466,-0.06864655,0.38245935,166,0.166,255,0,1,1,66,True,20,0,-0.0332,-0.0,-0.050797660160833244,0.03695692300925526,0.0628189178204108
2026-03-16T06:58:59.510181+00:00,1773644339.510108,True,False,,,,,,,,,,,,,,,,,,,,,,12.9716,77.5946,972.2029660379812,77.77820273152474,0.0,0.34323275,165,0.165,255,0,1,1,66,True,-40,0,0.066,-0.0,-0.045953966866292016,0.052153959315865264,0.06951116847722526
2026-03-16T06:58:59.610280+00:00,1773644339.610209,True,False,,,,,,,,,,,,,,,,,,,,,,12.9716,77.5946,972.0025602410335,77.77874579846105,0.0,0.34323275,164,0.164,255,0,1,1,63,True,20,0,-0.0328,-0.0,-0.051178249352964604,0.023691986822859598,0.05639612971161031
2026-03-16T06:58:59.710362+00:00,1773644339.710289,True,False,,,,,,,,,,,,,,,,,,,,,,12.9716,77.5946,972.1429052124921,77.779670742581,-0.02941995,0.3530394,164,0.164,255,0,1,1,68,True,20,0,-0.0328,-0.0,-0.05532755823359868,0.004723632955007544,0.055528834026889906
2026-03-16T06:58:59.810466+00:00,1773644339.810395,True,False,,,,,,,,,,,,,,,,,,,,,,12.9716,77.5946,972.1000048180974,77.78049828555788,-0.02941995,0.3334261,163,0.163,255,0,1,1,68,True,20,0,-0.032600000000000004,-0.0,-0.05667563810689266,-0.00701314579331876,0.05710789935500875
2026-03-16T06:58:59.910544+00:00,1773644339.910471,True,False,,,,,,,,,,,,,,,,,,,,,,12.9716,77.5946,972.2195134642983,77.78097082887592,-0.04903325,0.34323275,164,0.164,255,0,1,1,64,True,20,0,-0.0328,-0.0,-0.05834798512546368,-0.015285241395169385,0.06031687966655711
2026-03-16T06:59:00.010624+00:00,1773644340.010550,True,False,,,,,,,,,,,,,,,,,,,,,,12.9716,77.5946,972.0526253913217,77.78078022061175,0.0,0.36284605000000003,165,0.165,255,0,1,1,71,True,0,0,-0.0,-0.0,-0.057193612091313316,-0.004631820679534177,0.05738085941199366
2026-03-16T06:59:00.110711+00:00,1773644340.110635,True,False,,,,,,,,,,,,,,,,,,,,,,12.9716,77.5946,971.97969331113,77.77997500628328,-0.0392266,0.3530394,166,0.166,255,0,1,1,65,True,0,0,-0.0,-0.0,-0.05641293139269395,-0.000603306824680333,0.05641615732608435
2026-03-16T06:59:00.210783+00:00,1773644340.210711,True,False,,,,,,,,,,,,,,,,,,,,,,12.9716,77.5946,972.0605927899176,77.77833729382587,-0.06864655,0.3530394,164,0.164,255,0,1,1,64,True,-20,0,0.0328,-0.0,-0.05360419666237485,0.012616903805922727,0.05506901271555961
2026-03-16T06:59:00.310855+00:00,1773644340.310784,True,False,,,,,,,,,,,,,,,,,,,,,,12.9716,77.5946,972.1972651933852,77.77730590323489,-0.0392266,0.3530394,164,0.164,255,0,1,1,65,True,0,0,-0.0,-0.0,-0.054223812528007814,0.009910538734010058,0.055122052057872906
2026-03-16T06:59:00.410938+00:00,1773644340.410868,True,False,,,,,,,,,,,,,,,,,,,,,,12.9716,77.5946,972.0189172285952,77.7766753924023,0.02941995,0.34323275,166,0.166,255,0,1,1,73,True,0,0,-0.0,-0.0,-0.053131694267524905,0.01222724328026536,0.05452047701526953
2026-03-16T06:59:00.511015+00:00,1773644340.510944,True,False,,,,,,,,,,,,,,,,,,,,,,12.9716,77.5946,971.859570909932,77.77680423964489,-0.0196133,0.3530394,165,0.165,255,0,1,1,73,True,80,0,-0.132,-0.0,-0.06459609884131828,-0.03953540561212596,0.07573443260784808
2026-03-16T06:59:00.611093+00:00,1773644340.611022,True,False,,,,,,,,,,,,,,,,,,,,,,12.9716,77.5946,972.1341382726763,77.77701200037353,-0.04903325,0.36284605000000003,165,0.165,255,0,1,1,73,True,-40,0,0.066,-0.0,-0.05617862083198621,0.0028550569835373157,0.056251122557361644
2026-03-16T06:59:00.711170+00:00,1773644340.711099,True,False,,,,,,,,,,,,,,,,,,,,,,12.9716,77.5946,972.0287232292102,77.77724948787187,0.0,0.34323275,164,0.164,255,0,1,1,71,True,60,0,-0.0984,-0.0,-0.0628373498026063,-0.03138183727503721,0.07023782628307927
2026-03-16T06:59:00.811247+00:00,1773644340.811176,True,False,,,,,,,,,,,,,,,,,,,,,,12.9716,77.5946,971.9988831036194,77.77725365105829,-0.0392266,0.34323275,165,0.165,255,0,1,1,68,True,0,0,-0.0,-0.0,-0.05926723973840692,-0.01703319765246824,0.061666324103823875
2026-03-16T06:59:00.911324+00:00,1773644340.911252,True,False,,,,,,,,,,,,,,,,,,,,,,12.9716,77.5946,972.2814133107219,77.77802010105108,0.06864655,0.34323275,168,0.168,255,0,1,1,69,True,-140,0,0.23520000000000002,-0.0,-0.03625453376195428,0.08790680980258782,0.09508942332333829
2026-03-16T06:59:01.011541+00:00,1773644341.011426,True,False,,,,,,,,,,,,,,,,,,,,,,12.9716,77.5946,972.1329125107156,77.77898747574926,0.04903325,0.3334261,165,0.165,255,0,1,1,71,True,0,0,-0.0,-0.0,-0.04135358012187316,0.06080535350884435,0.07353509097180551
2026-03-16T06:59:01.111703+00:00,1773644341.111593,True,False,,,,,,,,,,,,,,,,,,,,,,12.9716,77.5946,972.2231906734352,77.78043906231238,-0.06864655,0.34323275,163,0.163,255,0,1,1,73,True,0,0,-0.0,-0.0,-0.046563083676265105,0.03739284990927329,0.05971889136429364
2026-03-16T06:59:01.211895+00:00,1773644341.211746,True,False,,,,,,,,,,,,,,,,,,,,,,12.9716,77.5946,972.1821285726026,77.7814992761725,-0.0196133,0.36284605000000003,162,0.162,255,0,1,1,68,True,80,0,-0.12960000000000002,-0.0,-0.060985679929070974,-0.023173593916699903,0.06524008439163151
2026-03-16T06:59:01.312370+00:00,1773644341.312077,True,False,,,,,,,,,,,,,,,,,,,,,,12.9716,77.5946,972.5389956791997,77.78222817120337,-0.00980665,0.34323275,164,0.164,255,0,1,1,69,True,-60,0,0.0984,-0.0,-0.04964734364375805,0.02731808715061604,0.05666689171332813
2026-03-16T06:59:01.412324+00:00,1773644341.412198,True,False,,,,,,,,,,,,,,,,,,,,,,12.9716,77.5946,972.0264616633731,77.7824631726566,-0.0588399,0.36284605000000003,164,0.164,255,0,1,1,70,True,40,0,-0.0656,-0.0,-0.05807110063947139,-0.007223339357497416,0.05851862405211854
2026-03-16T06:59:01.512613+00:00,1773644341.512346,True,False,,,,,,,,,,,,,,,,,,,,,,12.9716,77.5946,972.0828447058951,77.78242833860861,0.0,0.36284605000000003,169,0.169,255,0,1,1,71,True,20,0,-0.033800000000000004,-0.0,-0.05982361614665352,-0.012619548110811344,0.06114015082892114
2026-03-16T06:59:01.612738+00:00,1773644341.612512,True,False,,,,,,,,,,,,,,,,,,,,,,12.9716,77.5946,972.2035789051903,77.7828751993078,-0.02941995,0.34323275,165,0.165,255,0,1,1,63,True,-120,0,0.198,-0.0,-0.04094328232656408,0.0705813930198744,0.0815970919107949
2026-03-16T06:59:01.712837+00:00,1773644341.712717,True,False,,,,,,,,,,,,,,,,,,,,,,12.9716,77.5946,972.1582268213506,77.78347894523353,-0.0392266,0.3530394,164,0.164,255,0,1,1,69,True,60,0,-0.0984,-0.0,-0.054657160319989635,0.007656770064806542,0.05519086248710349
2026-03-16T06:59:01.813782+00:00,1773644341.813574,True,False,,,,,,,,,,,,,,,,,,,,,,12.9716,77.5946,972.0718132189425,77.78415717445881,-0.00980665,0.36284605000000003,167,0.167,255,0,1,1,70,True,-200,0,0.33399999999999996,-0.0,-0.02751634399995631,0.13651647085332558,0.1392619689698908
2026-03-16T06:59:01.913791+00:00,1773644341.913682,True,False,,,,,,,,,,,,,,,,,,,,,,12.9716,77.5946,972.0975533719076,77.78496758786065,-0.0392266,0.3530394,169,0.169,255,0,1,1,66,True,0,0,-0.0,-0.0,-0.03831080719702246,0.08537995885808357,0.09358127656051435
2026-03-16T06:59:02.013946+00:00,1773644342.013789,True,False,,,,,,,,,,,,,,,,,,,,,,12.9716,77.5946,972.1508724465107,77.78550316613331,-0.0196133,0.36284605000000003,167,0.167,255,0,1,1,65,True,0,0,-0.0,-0.0,-0.045230402518772216,0.05553993936618274,0.07162732842155577
2026-03-16T06:59:02.114255+00:00,1773644342.113965,True,False,,,,,,,,,,,,,,,,,,,,,,12.9716,77.5946,972.1050935648616,77.78639558473037,-0.0196133,0.34323275,166,0.166,255,0,1,1,68,True,200,0,-0.332,-0.0,-0.07572992532747372,-0.08965392196834841,0.11735777483580477
2026-03-16T06:59:02.214411+00:00,1773644342.214161,True,False,,,,,,,,,,,,,,,,,,,,,,12.9716,77.5946,972.0791675423836,77.78763323149371,-0.02941995,0.34323275,166,0.166,255,0,1,1,71,True,0,0,-0.0,-0.0,-0.0670058171485802,-0.05195182612077936,0.08478662494186602
2026-03-16T06:59:02.314430+00:00,1773644342.314285,True,False,,,,,,,,,,,,,,,,,,,,,,12.9716,77.5946,971.919824938289,77.78864981569626,0.0,0.36284605000000003,164,0.164,255,0,1,1,66,True,-40,0,0.0656,-0.0,-0.05705112866557159,-0.0019321404914357312,0.057083837019722576
2026-03-16T06:59:02.414733+00:00,1773644342.414519,True,False,,,,,,,,,,,,,,,,,,,,,,12.9716,77.5946,971.9614989410732,77.78899273991601,0.0,0.36284605000000003,168,0.168,255,0,1,1,70,True,220,0,-0.3696,-0.0,-0.0869628729868664,-0.13762080035367436,0.16279442855366935
2026-03-16T06:59:02.514860+00:00,1773644342.514632,True,False,,,,,,,,,,,,,,,,,,,,,,12.9716,77.5946,972.1245193092611,77.7889650180673,-0.04903325,0.3530394,166,0.166,255,0,1,1,66,True,0,0,-0.0,-0.0,-0.07467867350427813,-0.0822336697602121,0.11108231505775433
2026-03-16T06:59:02.615063+00:00,1773644342.614885,True,False,,,,,,,,,,,,,,,,,,,,,,12.9716,77.5946,972.1073591598672,77.78972832254112,0.0,0.3530394,164,0.164,255,0,1,1,71,True,0,0,-0.0,-0.0,-0.06657863285402534,-0.04554369426997994,0.08066562118070192
2026-03-16T06:59:02.715201+00:00,1773644342.715033,True,False,,,,,,,,,,,,,,,,,,,,,,12.9716,77.5946,972.2791426963181,77.79131434803321,-0.02941995,0.3530394,161,0.161,255,0,1,1,64,True,20,0,-0.0322,-0.0,-0.06466719355960796,-0.037245281331364725,0.0746261140910359
2026-03-16T06:59:02.815248+00:00,1773644342.815130,True,False,,,,,,,,,,,,,,,,,,,,,,12.9716,77.5946,972.2607570981759,77.79301884325764,-0.0392266,0.34323275,161,0.161,255,0,1,1,70,True,20,0,-0.0322,-0.0,-0.06303950695929027,-0.03290200269029744,0.07110922034942266
2026-03-16T06:59:02.915318+00:00,1773644342.915223,True,False,,,,,,,,,,,,,,,,,,,,,,12.9716,77.5946,971.9713046111016,77.79388805270969,0.0,0.3530394,163,0.163,255,0,1,1,71,True,0,0,-0.0,-0.0,-0.05946931403802127,-0.015498924385174612,0.061455805008560044
2026-03-16T06:59:03.015371+00:00,1773644343.015298,True,False,,,,,,,,,,,,,,,,,,,,,,12.9716,77.5946,972.4611617302652,77.79451470332185,0.0,0.3530394,162,0.162,255,0,1,1,69,True,-40,0,0.06480000000000001,-0.0,-0.05194215419470315,0.019839565066415987,0.055602119783429764
2026-03-16T06:59:03.115553+00:00,1773644343.115411,True,False,,,,,,,,,,,,,,,,,,,,,,12.9716,77.5946,972.0332030993194,77.79451633440857,-0.02941995,0.3530394,160,0.16,255,0,1,1,64,True,-120,0,0.192,-0.0,-0.03723697157473608,0.08817989495402782,0.0957198303705198
2026-03-16T06:59:03.215592+00:00,1773644343.215490,True,False,,,,,,,,,,,,,,,,,,,,,,12.9716,77.5946,971.8977622930889,77.79427370814511,-0.0196133,0.3530394,162,0.162,255,0,1,1,71,True,-20,0,0.032400000000000005,-0.0,-0.04132036510798439,0.06949431545146842,0.0808506799768891
2026-03-16T06:59:03.316207+00:00,1773644343.315886,True,False,,,,,,,,,,,,,,,,,,,,,,12.9716,77.5946,972.4691289602762,77.79399858939223,-0.0392266,0.3530394,163,0.163,255,0,1,1,69,True,0,0,-0.0,-0.0,-0.04678360069307544,0.04455590682358323,0.06460599141473614
2026-03-16T06:59:03.416322+00:00,1773644343.416052,True,False,,,,,,,,,,,,,,,,,,,,,,12.9716,77.5946,972.0491374184323,77.79361435746057,-0.00980665,0.3530394,163,0.163,255,0,1,1,65,True,20,0,-0.032600000000000004,-0.0,-0.052384271624211484,0.018669951967280662,0.05561186042616931
2026-03-16T06:59:03.516326+00:00,1773644343.516191,True,False,,,,,,,,,,,,,,,,,,,,,,12.9716,77.5946,972.0272626015047,77.79364867897976,-0.0392266,0.36284605000000003,162,0.162,255,0,1,1,70,True,40,0,-0.06480000000000001,-0.0,-0.05942023326078446,-0.01102193259649684,0.060433824295073
2026-03-16T06:59:03.616759+00:00,1773644343.616651,True,False,,,,,,,,,,,,,,,,,,,,,,12.9716,77.5946,971.8752792720683,77.79450432950836,-0.00980665,0.3530394,161,0.161,255,0,1,1,62,True,-20,0,0.0322,-0.0,-0.05477221875838964,0.009569845950870626,0.055601959491013306
2026-03-16T06:59:03.717359+00:00,1773644343.717235,True,False,,,,,,,,,,,,,,,,,,,,,,12.9716,77.5946,972.4219385258824,77.79533285857212,0.00980665,0.34323275,161,0.161,255,0,1,1,70,True,0,0,-0.0,-0.0,-0.0537682397561352,0.010857755142547856,0.05485357283904816
2026-03-16T06:59:03.820670+00:00,1773644343.820506,True,False,,,,,,,,,,,,,,,,,,,,,,12.9716,77.5946,972.2852712356704,77.79641424137117,0.0,0.3334261,162,0.162,255,0,1,1,69,True,-40,0,0.06480000000000001,-0.0,-0.0476138240402062,0.03593060230934117,0.059649680820971294
2026-03-16T06:59:03.920838+00:00,1773644343.920671,True,False,,,,,,,,,,,,,,,,,,,,,,12.9716,77.5946,972.3575882507953,77.79757992687979,-0.0392266,0.34323275,156,0.156,255,0,1,1,71,True,0,0,-0.0,-0.0,-0.04990442822594573,0.02393838557179589,0.05534887767915926
2026-03-16T06:59:04.020862+00:00,1773644344.020765,True,False,,,,,,,,,,,,,,,,,,,,,,12.9716,77.5946,972.2491129014804,77.79844556494618,-0.00980665,0.3530394,156,0.156,255,0,1,1,68,True,0,0,-0.0,-0.0,-0.05155341908745297,0.018542962478461652,0.05478682758733341
2026-03-16T06:59:04.121202+00:00,1773644344.121076,True,False,,,,,,,,,,,,,,,,,,,,,,12.9716,77.5946,972.1896663998821,77.79941870295352,0.0,0.3530394,155,0.155,255,0,1,1,72,True,20,0,-0.031,-0.0,-0.05504557838871537,0.00400898937873732,0.05519137338377291
2026-03-16T06:59:04.221615+00:00,1773644344.221469,True,False,,,,,,,,,,,,,,,,,,,,,,12.9716,77.5946,972.2204896053952,77.80036508071407,-0.0196133,0.3530394,156,0.156,255,0,1,1,66,True,-20,0,0.031200000000000002,-0.0,-0.05230089514809126,0.017753121221480705,0.05523184721151579
2026-03-16T06:59:04.321801+00:00,1773644344.321629,True,False,,,,,,,,,,,,,,,,,,,,,,12.9716,77.5946,972.3251068224016,77.80175873190672,0.0,0.3530394,156,0.156,255,0,1,1,70,True,100,0,-0.156,-0.0,-0.06580154342688335,-0.044211310300119454,0.07927473163507691
2026-03-16T06:59:04.421945+00:00,1773644344.421752,True,False,,,,,,,,,,,,,,,,,,,,,,12.9716,77.5946,972.1849453448909,77.80244691175079,0.0,0.34323275,156,0.156,255,0,1,1,66,True,20,0,-0.031200000000000002,-0.0,-0.06314075558798177,-0.034428976682276374,0.07191737934331298
2026-03-16T06:59:04.521909+00:00,1773644344.521830,True,False,,,,,,,,,,,,,,,,,,,,,,12.9716,77.5946,972.122253219385,77.80340336000404,-0.02941995,0.34323275,158,0.158,255,0,1,1,69,True,-120,0,0.18960000000000002,-0.0,-0.043678079589929975,0.05406342447667534,0.06950272298845157
2026-03-16T06:59:04.622842+00:00,1773644344.622673,True,False,,,,,,,,,,,,,,,,,,,,,,12.9716,77.5946,972.4017141142638,77.8044460418759,-0.0392266,0.34323275,157,0.157,255,0,1,1,70,True,20,0,-0.031400000000000004,-0.0,-0.050289250077078504,0.023002187487763275,0.055300174525376986
2026-03-16T06:59:04.722833+00:00,1773644344.722761,True,False,,,,,,,,,,,,,,,,,,,,,,12.9716,77.5946,972.0805798178443,77.80482692277377,-0.00980665,0.3530394,156,0.156,255,0,1,1,70,True,80,0,-0.12480000000000001,-0.0,-0.0621066249743878,-0.029693007578615045,0.0688397237412596
2026-03-16T06:59:04.822932+00:00,1773644344.822834,True,False,,,,,,,,,,,,,,,,,,,,,,12.9716,77.5946,972.2031490841883,77.80527204028039,0.0196133,0.36284605000000003,156,0.156,255,0,1,1,65,True,-20,0,0.031200000000000002,-0.0,-0.05664918850910609,-0.0003397663479324971,0.0566502074127838
2026-03-16T06:59:04.922980+00:00,1773644344.922906,True,False,,,,,,,,,,,,,,,,,,,,,,12.9716,77.5946,972.1620882320258,77.80644374369416,-0.0196133,0.34323275,156,0.156,255,0,1,1,73,True,0,0,-0.0,-0.0,-0.05524005300987825,0.0030452512823404203,0.05532392802311451
2026-03-16T06:59:05.023208+00:00,1773644345.023004,True,False,,,,,,,,,,,,,,,,,,,,,,12.9716,77.5946,972.1890535509748,77.8076323925701,-0.0588399,0.34323275,155,0.155,255,0,1,1,68,True,0,0,-0.0,-0.0,-0.054892106979986706,0.002769620002749492,0.05496193413319746
2026-03-16T06:59:05.123164+00:00,1773644345.123089,True,False,,,,,,,,,,,,,,,,,,,,,,12.9716,77.5946,971.806642308767,77.80842352580953,-0.0196133,0.3530394,156,0.156,255,0,1,1,66,True,0,0,-0.0,-0.0,-0.05475777940492289,0.005066436793277604,0.054991664706012265
2026-03-16T06:59:05.223236+00:00,1773644345.223163,True,False,,,,,,,,,,,,,,,,,,,,,,12.9716,77.5946,971.8863102514471,77.80864357638109,0.00980665,0.3530394,156,0.156,255,0,1,1,66,True,-240,0,0.37439999999999996,-0.0,-0.023420760390274714,0.15112837279201924,0.15293239382165638
2026-03-16T06:59:05.323427+00:00,1773644345.323278,True,False,,,,,,,,,,,,,,,,,,,,,,12.9716,77.5946,971.8329939507803,77.80824793182558,-0.00980665,0.36284605000000003,154,0.154,255,0,1,1,67,True,0,0,-0.0,-0.0,-0.03604065043153753,0.09619743602574958,0.1027271881317525
2026-03-16T06:59:05.423639+00:00,1773644345.423471,True,False,,,,,,,,,,,,,,,,,,,,,,12.9716,77.5946,972.4390986610678,77.80761582414351,0.00980665,0.34323275,156,0.156,255,0,1,1,70,True,0,0,-0.0,-0.0,-0.042319343942398856,0.06363151863779934,0.07641921902157635
2026-03-16T06:59:05.523641+00:00,1773644345.523549,True,False,,,,,,,,,,,,,,,,,,,,,,12.9716,77.5946,972.2247794374917,77.80723778390757,-0.0196133,0.34323275,157,0.157,255,0,1,1,67,True,80,-20,-0.12560000000000002,0.031400000000000004,-0.06885317482916825,-0.0033237140700146106,0.06893335012368992
2026-03-16T06:59:05.623726+00:00,1773644345.623628,True,False,,,,,,,,,,,,,,,,,,,,,,12.9716,77.5946,972.007651734573,77.8073828852439,-0.04903325,0.34323275,156,0.156,255,0,1,1,69,True,60,0,-0.09359999999999999,-0.0,-0.07077984854318771,-0.03625575539912254,0.07952525862490228
2026-03-16T06:59:05.723839+00:00,1773644345.723744,True,False,,,,,,,,,,,,,,,,,,,,,,12.9716,77.5946,972.0801517097018,77.80779975999405,-0.02941995,0.3530394,155,0.155,255,0,1,1,70,True,0,0,-0.0,-0.0,-0.06457139488588917,-0.019301561443922338,0.06739447537953644
2026-03-16T06:59:05.825049+00:00,1773644345.824716,True,False,,,,,,,,,,,,,,,,,,,,,,12.9716,77.5946,971.9447180988841,77.80872687183006,-0.00980665,0.3530394,156,0.156,255,0,1,1,67,True,-120,0,0.18719999999999998,-0.0,-0.04516536530906342,0.06385306604464625,0.078212046813794
2026-03-16T06:59:05.925928+00:00,1773644345.925618,True,False,,,,,,,,,,,,,,,,,,,,,,12.9716,77.5946,971.8907902346672,77.8090046925056,0.0,0.3530394,154,0.154,255,0,1,1,68,True,20,0,-0.0308,-0.0,-0.05121091627026422,0.031637523084780336,0.06019543846654846
2026-03-16T06:59:06.027417+00:00,1773644346.027012,True,False,,,,,,,,,,,,,,,,,,,,,,12.9716,77.5946,972.2229409378201,77.80893437529056,-0.0196133,0.34323275,153,0.153,255,0,1,1,70,True,0,0,-0.0,-0.0,-0.05206341242591672,0.022517562288718478,0.05672424106902988
2026-03-16T06:59:06.128567+00:00,1773644346.128070,True,False,,,,,,,,,,,,,,,,,,,,,,12.9716,77.5946,972.3499732956063,77.80954865245775,-0.0196133,0.34323275,156,0.156,255,0,1,1,68,True,0,0,-0.0,-0.0,-0.05252185860338507,0.016965707186562623,0.055194029129011384
2026-03-16T06:59:06.228556+00:00,1773644346.228241,True,False,,,,,,,,,,,,,,,,,,,,,,12.9716,77.5946,972.022730811893,77.81082630421542,-0.00980665,0.34323275,153,0.153,255,0,1,1,71,True,0,0,-0.0,-0.0,-0.0525658413122963,0.014164872015078581,0.05444089705426494
2026-03-16T06:59:06.328436+00:00,1773644346.328327,True,False,,,,,,,,,,,,,,,,,,,,,,12.9716,77.5946,972.2139275177052,77.81232253915965,-0.02941995,0.34323275,154,0.154,255,0,1,1,71,True,0,0,-0.0,-0.0,-0.052862154033752634,0.011294928902543664,0.05405536743008696
2026-03-16T06:59:06.428485+00:00,1773644346.428404,True,False,,,,,,,,,,,,,,,,,,,,,,12.9716,77.5946,972.1543038306581,77.81323379358219,-0.0392266,0.3530394,159,0.159,255,0,1,1,67,True,0,0,-0.0,-0.0,-0.05376527298850457,0.009089941905128174,0.05452826444484571
2026-03-16T06:59:06.528600+00:00,1773644346.528502,True,False,,,,,,,,,,,,,,,,,,,,,,12.9716,77.5946,972.2274094586862,77.81350877093348,0.0196133,0.3530394,160,0.16,255,0,1,1,70,True,0,0,-0.0,-0.0,-0.05356586418289057,0.01125563947499945,0.054735648581624066
2026-03-16T06:59:06.628719+00:00,1773644346.628580,True,False,,,,,,,,,,,,,,,,,,,,,,12.9716,77.5946,972.0611541371003,77.814022465547,0.0,0.3530394,160,0.16,255,0,1,1,68,True,-160,0,0.256,-0.0,-0.03259270414734623,0.10912685511474694,0.11389009996866019
2026-03-16T06:59:06.728980+00:00,1773644346.728720,True,False,,,,,,,,,,,,,,,,,,,,,,12.9716,77.5946,972.0231590876232,77.81450286566388,-0.0588399,0.3530394,161,0.161,255,0,1,1,72,True,20,0,-0.0322,-0.0,-0.04433551753008066,0.055250198510670714,0.07083941381835827
2026-03-16T06:59:06.829036+00:00,1773644346.828839,True,False,,,,,,,,,,,,,,,,,,,,,,12.9716,77.5946,972.1512396837966,77.81526663880959,-0.0392266,0.3530394,158,0.158,255,0,1,1,68,True,0,0,-0.0,-0.0,-0.04858054637393128,0.03587838602949447,0.060393112770175304
2026-03-16T06:59:06.929022+00:00,1773644346.928925,True,False,,,,,,,,,,,,,,,,,,,,,,12.9716,77.5946,972.0623797859855,77.81598871188771,0.0,0.3334261,161,0.161,255,0,1,1,72,True,20,0,-0.0322,-0.0,-0.052142707545556596,0.013867241910127875,0.05395518833602059
2026-03-16T06:59:07.029220+00:00,1773644347.029025,True,False,,,,,,,,,,,,,,,,,,,,,,12.9716,77.5946,972.2413259479634,77.81679664061096,-0.00980665,0.3530394,161,0.161,255,0,1,1,68,True,120,0,-0.1932,-0.0,-0.06888148585262859,-0.06133993066582981,0.09223473416969705
2026-03-16T06:59:07.129251+00:00,1773644347.129102,True,False,,,,,,,,,,,,,,,,,,,,,,12.9716,77.5946,972.2886912111355,77.81800253224907,-0.0196133,0.36284605000000003,161,0.161,255,0,1,1,71,True,0,0,-0.0,-0.0,-0.06386835349677517,-0.03388494106132073,0.07230045511003517
2026-03-16T06:59:07.229604+00:00,1773644347.229391,True,False,,,,,,,,,,,,,,,,,,,,,,12.9716,77.5946,972.3381541611689,77.81908421810783,-0.0196133,0.36284605000000003,159,0.159,255,0,1,1,70,True,0,0,-0.0,-0.0,-0.06084049041138991,-0.017139188899274495,0.06320852054607387
2026-03-16T06:59:07.329594+00:00,1773644347.329489,True,False,,,,,,,,,,,,,,,,,,,,,,12.9716,77.5946,972.387355530174,77.81989986622148,0.0,0.34323275,161,0.161,255,0,1,1,72,True,0,0,-0.0,-0.0,-0.05754233634945163,-0.006027228663085389,0.057857134027797644
2026-03-16T06:59:07.429992+00:00,1773644347.429893,True,False,,,,,,,,,,,,,,,,,,,,,,12.9716,77.5946,972.2640008349591,77.81976125108827,-0.02941995,0.34323275,161,0.161,255,0,1,1,69,True,100,0,-0.161,-0.0,-0.06922870394723252,-0.06250992863354861,0.09327435139407246
2026-03-16T06:59:07.530058+00:00,1773644347.529967,True,False,,,,,,,,,,,,,,,,,,,,,,12.9716,77.5946,972.2597109879857,77.81945183800053,-0.04903325,0.3530394,160,0.16,255,0,1,1,64,True,40,0,-0.064,-0.0,-0.06913661357300274,-0.06090950962212796,0.09214032612678776
2026-03-16T06:59:07.630126+00:00,1773644347.630043,True,False,,,,,,,,,,,,,,,,,,,,,,12.9716,77.5946,972.2154060838728,77.81939284522463,0.0,0.34323275,151,0.151,255,0,1,1,66,True,-60,0,0.0906,-0.0,-0.055132834580005084,0.0018824332458762597,0.05516496173977994
2026-03-16T06:59:07.730193+00:00,1773644347.730117,True,False,,,,,,,,,,,,,,,,,,,,,,12.9716,77.5946,972.2926254872783,77.819431198367,0.00980665,0.3530394,152,0.152,255,0,1,1,67,True,0,0,-0.0,-0.0,-0.05452474964926552,0.0062753357269282085,0.05488468058393655
2026-03-16T06:59:07.830350+00:00,1773644347.830225,True,False,,,,,,,,,,,,,,,,,,,,,,12.9716,77.5946,972.3687961734494,77.8200986778283,-0.02941995,0.36284605000000003,154,0.154,255,0,1,1,72,True,0,0,-0.0,-0.0,-0.05524935388786757,0.006740754644762652,0.055659041297957304
2026-03-16T06:59:07.930449+00:00,1773644347.930317,True,False,,,,,,,,,,,,,,,,,,,,,,12.9716,77.5946,972.1332844396127,77.82093097608714,-0.0196133,0.36284605000000003,152,0.152,255,0,1,1,70,True,-40,0,0.0608,-0.0,-0.05055267234927836,0.030818222133100134,0.05920587383949836
2026-03-16T06:59:08.030991+00:00,1773644348.030884,True,False,,,,,,,,,,,,,,,,,,,,,,12.9716,77.5946,972.3103982817337,77.82158591916397,0.0,0.3530394,153,0.153,255,0,1,1,69,True,0,0,-0.0,-0.0,-0.05192474771794763,0.023330870464438762,0.05692546830901726
2026-03-16T06:59:08.131076+00:00,1773644348.130965,True,False,,,,,,,,,,,,,,,,,,,,,,12.9716,77.5946,972.1424771313484,77.8221341734324,-0.0392266,0.3530394,152,0.152,255,0,1,1,62,True,-20,0,0.0304,-0.0,-0.050682583891482884,0.028028557819034596,0.05791652927560634
2026-03-16T06:59:08.232032+00:00,1773644348.231952,True,False,,,,,,,,,,,,,,,,,,,,,,12.9716,77.5946,972.0074630927818,77.82229570914234,0.0,0.3530394,151,0.151,255,0,1,1,69,True,-60,0,0.0906,-0.0,-0.0445738549601608,0.05629882090527715,0.07180797853535444
2026-03-16T06:59:08.332185+00:00,1773644348.332073,True,False,,,,,,,,,,,,,,,,,,,,,,12.9716,77.5946,972.0916109974254,77.82239075280182,-0.00980665,0.34323275,155,0.155,255,0,1,1,63,True,20,0,-0.031,-0.0,-0.05029427624605212,0.026278965306149468,0.056745909462057355
2026-03-16T06:59:08.432477+00:00,1773644348.432220,True,False,,,,,,,,,,,,,,,,,,,,,,12.9716,77.5946,971.9512706815319,77.82266154932046,-0.00980665,0.34323275,152,0.152,255,0,1,1,71,True,-20,0,0.0304,-0.0,-0.04873713070205813,0.03145472435338275,0.058006099620788044
2026-03-16T06:59:08.532430+00:00,1773644348.532314,True,False,,,,,,,,,,,,,,,,,,,,,,12.9716,77.5946,972.148605596658,77.82329527779245,0.00980665,0.3530394,152,0.152,255,0,1,1,64,True,0,0,-0.0,-0.0,-0.050624592385287395,0.024295657434831273,0.05615272321416986
2026-03-16T06:59:08.632558+00:00,1773644348.632430,True,False,,,,,,,,,,,,,,,,,,,,,,12.9716,77.5946,971.9351462449976,77.82395671049426,-0.00980665,0.36284605000000003,152,0.152,255,0,1,1,70,True,60,0,-0.09119999999999999,-0.0,-0.06013168767285511,-0.015927998782924502,0.06220547409685613
2026-03-16T06:59:08.732580+00:00,1773644348.732511,True,False,,,,,,,,,,,,,,,,,,,,,,12.9716,77.5946,972.28999351418,77.82416046418035,-0.04903325,0.3530394,153,0.153,255,0,1,1,71,True,320,0,-0.48960000000000004,-0.0,-0.09865605389616239,-0.19499239192325185,0.21852928837644064
2026-03-16T06:59:08.832655+00:00,1773644348.832581,True,False,,,,,,,,,,,,,,,,,,,,,,12.9716,77.5946,971.9688531927972,77.8244436478675,-0.0392266,0.3530394,166,0.166,255,0,1,1,68,True,0,0,-0.0,-0.0,-0.08168308409277855,-0.11664386535917702,0.14240055320411416
2026-03-16T06:59:08.932767+00:00,1773644348.932657,True,False,,,,,,,,,,,,,,,,,,,,,,12.9716,77.5946,972.2256421468563,77.82489322527664,-0.00980665,0.34323275,163,0.163,255,0,1,1,66,True,0,0,-0.0,-0.0,-0.07037667864279573,-0.0672634895088742,0.097351188578783
2026-03-16T06:59:09.032806+00:00,1773644349.032733,True,False,,,,,,,,,,,,,,,,,,,,,,12.9716,77.5946,972.1085848839599,77.82543779340057,0.0196133,0.36284605000000003,164,0.164,255,0,1,1,70,True,0,0,-0.0,-0.0,-0.0642767426105072,-0.03516002041138733,0.07326477104274991
2026-03-16T06:59:09.132878+00:00,1773644349.132807,True,False,,,,,,,,,,,,,,,,,,,,,,12.9716,77.5946,972.369054266629,77.82587932531436,0.0,0.3530394,166,0.166,255,0,1,1,70,True,-20,0,0.0332,-0.0,-0.057492157601801194,-0.004215941193323407,0.05764652934787929
2026-03-16T06:59:09.232997+00:00,1773644349.232887,True,False,,,,,,,,,,,,,,,,,,,,,,12.9716,77.5946,972.1999017024266,77.82677403597467,-0.0588399,0.3530394,164,0.164,255,0,1,1,67,True,0,0,-0.0,-0.0,-0.056848607485348264,-0.0015370367168740004,0.056869382402943446
2026-03-16T06:59:09.333107+00:00,1773644349.332995,True,False,,,,,,,,,,,,,,,,,,,,,,12.9716,77.5946,971.9970445353566,77.82826080735043,-0.06864655,0.3530394,164,0.164,255,0,1,1,69,True,200,0,-0.32800000000000007,-0.0,-0.08359395712043248,-0.12570413094329408,0.15096184353425712
2026-03-16T06:59:09.433279+00:00,1773644349.433103,True,False,,,,,,,,,,,,,,,,,,,,,,12.9716,77.5946,972.1126874574799,77.83026746808832,-0.0392266,0.34323275,165,0.165,255,0,1,1,64,True,-20,0,0.033,-0.0,-0.06920531110071318,-0.06193802614795067,0.09287461530284105
2026-03-16T06:59:09.533250+00:00,1773644349.533178,True,False,,,,,,,,,,,,,,,,,,,,,,12.9716,77.5946,972.1592664222107,77.8316490071179,0.0,0.3530394,163,0.163,255,0,1,1,72,True,-40,0,0.06520000000000001,-0.0,-0.057862190848639895,-0.00832194124518032,0.05845757295588536
2026-03-16T06:59:09.634419+00:00,1773644349.634313,True,False,,,,,,,,,,,,,,,,,,,,,,12.9716,77.5946,972.2591666907223,77.83248547593212,0.0,0.3530394,164,0.164,255,0,1,1,69,True,0,0,-0.0,-0.0,-0.056448522252250506,-0.0004846399701688323,0.05645060265722152
2026-03-16T06:59:09.734586+00:00,1773644349.734487,True,False,,,,,,,,,,,,,,,,,,,,,,12.9716,77.5946,972.387692435588,77.83298147894669,-0.0196133,0.3530394,165,0.165,255,0,1,1,73,True,-20,0,0.033,-0.0,-0.05296774423452856,0.015686527744965265,0.05524173315517896
2026-03-16T06:59:09.836420+00:00,1773644349.836033,True,False,,,,,,,,,,,,,,,,,,,,,,12.9716,77.5946,972.2377156384401,77.83356264856889,-0.0196133,0.34323275,164,0.164,255,0,1,1,67,True,0,0,-0.0,-0.0,-0.05317196331279825,0.012819091688303953,0.05469540011966917
2026-03-16T06:59:09.936897+00:00,1773644349.936690,True,False,,,,,,,,,,,,,,,,,,,,,,12.9716,77.5946,972.3045204780375,77.83467240005564,-0.0392266,0.3530394,165,0.165,255,0,1,1,65,True,20,0,-0.033,-0.0,-0.05671327792719636,-0.0026260188683575464,0.05677404220543388
2026-03-16T06:59:10.037644+00:00,1773644350.037540,True,False,,,,,,,,,,,,,,,,,,,,,,12.9716,77.5946,972.3290361144572,77.8366215244078,-0.0196133,0.3530394,165,0.165,255,0,1,1,65,True,0,0,-0.0,-0.0,-0.0559305676736296,0.0017899333297157415,0.05595920176002592
2026-03-16T06:59:10.138120+00:00,1773644350.138003,True,False,,,,,,,,,,,,,,,,,,,,,,12.9716,77.5946,972.0910467700794,77.83857894546486,-0.0196133,0.3530394,163,0.163,255,0,1,1,72,True,0,0,-0.0,-0.0,-0.0554041621719458,0.004465314490713483,0.05558381256693576
2026-03-16T06:59:10.238146+00:00,1773644350.238072,True,False,,,,,,,,,,,,,,,,,,,,,,12.9716,77.5946,972.1039175982643,77.84035639903948,0.0,0.3530394,164,0.164,255,0,1,1,70,True,-100,0,0.16400000000000003,-0.0,-0.04129354042763885,0.06990428773473495,0.08118969100045682
2026-03-16T06:59:10.338217+00:00,1773644350.338142,True,False,,,,,,,,,,,,,,,,,,,,,,12.9716,77.5946,972.2834978238237,77.84156154182745,-0.0196133,0.3530394,166,0.166,255,0,1,1,64,True,-160,0,0.2656,-0.0,-0.02461261933716425,0.14738112714839793,0.1494221458491625
2026-03-16T06:59:10.438342+00:00,1773644350.438233,True,False,,,,,,,,,,,,,,,,,,,,,,12.9716,77.5946,971.8826639705205,77.84177491584046,-0.0392266,0.3530394,164,0.164,255,0,1,1,68,True,0,0,-0.0,-0.0,-0.0365565132308314,0.0920177278603676,0.09901333698134117
2026-03-16T06:59:10.538603+00:00,1773644350.538426,True,False,,,,,,,,,,,,,,,,,,,,,,12.9716,77.5946,972.0385292383247,77.84114600887892,-0.0196133,0.3530394,164,0.164,255,0,1,1,60,True,-20,0,0.0328,-0.0,-0.04090126981436376,0.07196751840350518,0.08277824338306679
2026-03-16T06:59:10.638715+00:00,1773644350.638544,True,False,,,,,,,,,,,,,,,,,,,,,,12.9716,77.5946,971.8663124394815,77.84108699513956,0.0,0.3530394,164,0.164,255,0,1,1,66,True,-20,0,0.0328,-0.0,-0.04328431766743787,0.06091866744717989,0.07473028970555226
2026-03-16T06:59:10.740017+00:00,1773644350.739931,True,False,,,,,,,,,,,,,,,,,,,,,,12.9716,77.5946,971.982757674788,77.8413203961926,-0.00980665,0.34323275,165,0.165,255,0,1,1,65,True,0,0,-0.0,-0.0,-0.047147137146572204,0.040920869706460916,0.06242892053087927
2026-03-16T06:59:10.840079+00:00,1773644350.840006,True,False,,,,,,,,,,,,,,,,,,,,,,12.9716,77.5946,972.2873595641531,77.84146887655436,-0.02941995,0.34323275,165,0.165,255,0,1,1,68,True,0,0,-0.0,-0.0,-0.049542645915940174,0.02757551236915743,0.056699935156698175
2026-03-16T06:59:10.940280+00:00,1773644350.940098,True,False,,,,,,,,,,,,,,,,,,,,,,12.9716,77.5946,972.016465729769,77.84154577351023,-0.02941995,0.3530394,165,0.165,255,0,1,1,64,True,20,0,-0.033,-0.0,-0.05432824080334355,0.006979405453803357,0.05477471907070509
2026-03-16T06:59:11.040323+00:00,1773644351.040187,True,False,,,,,,,,,,,,,,,,,,,,,,12.9716,77.5946,972.1629437170718,77.8409527883959,-0.00980665,0.3530394,164,0.164,255,0,1,1,63,True,0,0,-0.0,-0.0,-0.05428557517553303,0.008204261517704193,0.054902036202579316
2026-03-16T06:59:11.141526+00:00,1773644351.141397,True,False,,,,,,,,,,,,,,,,,,,,,,12.9716,77.5946,971.9292433220216,77.84039003411397,0.0,0.3530394,163,0.163,255,0,1,1,61,True,0,0,-0.0,-0.0,-0.054279987839073826,0.009570713546280656,0.055117289824473066
2026-03-16T06:59:11.241811+00:00,1773644351.241551,True,False,,,,,,,,,,,,,,,,,,,,,,12.9716,77.5946,972.3572291620155,77.84045644737432,-0.0196133,0.34323275,162,0.162,255,0,1,1,64,True,0,0,-0.0,-0.0,-0.05377616778561757,0.009069148912832985,0.054535545139936324
2026-03-16T06:59:11.342257+00:00,1773644351.342137,True,False,,,,,,,,,,,,,,,,,,,,,,12.9716,77.5946,972.3304431324486,77.84163496149807,-0.04903325,0.3530394,156,0.156,255,0,1,1,66,True,0,0,-0.0,-0.0,-0.05450992753334891,0.007139876843927337,0.054975540388771074
2026-03-16T06:59:11.442443+00:00,1773644351.442260,True,False,,,,,,,,,,,,,,,,,,,,,,12.9716,77.5946,972.3621323078991,77.84319190566492,-0.0392266,0.34323275,154,0.154,255,0,1,1,69,True,0,0,-0.0,-0.0,-0.05417859027123213,0.006419553582737503,0.05455758711654766
2026-03-16T06:59:11.542984+00:00,1773644351.542909,True,False,,,,,,,,,,,,,,,,,,,,,,12.9716,77.5946,972.2223934831474,77.84468330909806,0.0,0.34323275,156,0.156,255,0,1,1,66,True,20,0,-0.031200000000000002,-0.0,-0.05611905675038907,-0.0035923541795359754,0.056233918048670756
2026-03-16T06:59:11.643080+00:00,1773644351.642992,True,False,,,,,,,,,,,,,,,,,,,,,,12.9716,77.5946,972.2751017844636,77.84571322549294,0.0,0.3530394,154,0.154,255,0,1,1,64,True,0,0,-0.0,-0.0,-0.0552353427773229,0.0023437311484124958,0.05528504469948809
2026-03-16T06:59:11.743177+00:00,1773644351.743087,True,False,,,,,,,,,,,,,,,,,,,,,,12.9716,77.5946,972.055689774732,77.84609368632618,-0.02941995,0.3530394,155,0.155,255,0,1,1,68,True,-20,0,0.031,-0.0,-0.052540048973382346,0.016045190799815985,0.054935461169702715
2026-03-16T06:59:11.844121+00:00,1773644351.843940,True,False,,,,,,,,,,,,,,,,,,,,,,12.9716,77.5946,972.2953271280772,77.84650141706175,-0.04903325,0.3530394,155,0.155,255,0,1,1,69,True,0,0,-0.0,-0.0,-0.05380543497672565,0.011387593918634637,0.05499729200870145
2026-03-16T06:59:11.944557+00:00,1773644351.944415,True,False,,,,,,,,,,,,,,,,,,,,,,12.9716,77.5946,972.3437455218062,77.84737954698005,-0.00980665,0.34323275,155,0.155,255,0,1,1,68,True,0,0,-0.0,-0.0,-0.053411912205879736,0.010767023471899975,0.0544863392047314
2026-03-16T06:59:12.045231+00:00,1773644352.044799,True,False,,,,,,,,,,,,,,,,,,,,,,12.9716,77.5946,972.1494603084366,77.84815766235056,0.0,0.34323275,152,0.152,255,0,1,1,64,True,0,0,-0.0,-0.0,-0.05303833781932553,0.010973619899521194,0.05416166183137353
2026-03-16T06:59:12.146369+00:00,1773644352.144924,True,False,,,,,,,,,,,,,,,,,,,,,,12.9716,77.5946,972.1660081303638,77.84852352415595,-0.00980665,0.36284605000000003,154,0.154,255,0,1,1,69,True,-20,0,0.0308,-0.0,-0.05154501224426159,0.022525350938748547,0.05625193083063778
2026-03-16T06:59:12.245607+00:00,1773644352.245322,True,False,,,,,,,,,,,,,,,,,,,,,,12.9716,77.5946,972.2513826498537,77.84855125591253,-0.00980665,0.36284605000000003,156,0.156,255,0,1,1,67,True,0,20,-0.0,-0.031200000000000002,-0.04129256885083078,0.015237778881640148,0.0440143856886173
2026-03-16T06:59:12.345550+00:00,1773644352.345435,True,False,,,,,,,,,,,,,,,,,,,,,,12.9716,77.5946,972.0581412820576,77.84853719979992,-0.0196133,0.3530394,152,0.152,255,0,1,1,66,True,0,0,-0.0,-0.0,-0.04646542947544763,0.012648267490669923,0.04815615024950951
2026-03-16T06:59:12.445722+00:00,1773644352.445544,True,False,,,,,,,,,,,,,,,,,,,,,,12.9716,77.5946,972.0397549900631,77.84852268320151,-0.02941995,0.34323275,151,0.151,255,0,1,1,65,True,20,0,-0.0302,-0.0,-0.05164726325941668,-0.001170755041218427,0.05166053106147894
2026-03-16T06:59:12.546665+00:00,1773644352.545863,True,False,,,,,,,,,,,,,,,,,,,,,,12.9716,77.5946,972.1866589862772,77.84866906036513,-0.0392266,0.34323275,163,0.163,255,0,1,1,68,True,20,0,-0.032600000000000004,-0.0,-0.05515934815419745,-0.011094739418177253,0.056264082073319406
2026-03-16T06:59:12.646071+00:00,1773644352.645969,True,False,,,,,,,,,,,,,,,,,,,,,,12.9716,77.5946,972.0238202278396,77.84904218911419,0.0,0.36284605000000003,169,0.169,255,0,1,1,66,True,0,0,-0.0,-0.0,-0.05525122077882319,-0.002101809903116474,0.05529118376756915
2026-03-16T06:59:12.746225+00:00,1773644352.746069,True,False,,,,,,,,,,,,,,,,,,,,,,12.9716,77.5946,972.3962732110944,77.84934319261697,0.0196133,0.3530394,168,0.168,255,0,1,1,59,True,-20,0,0.033600000000000005,-0.0,-0.051712004669008556,0.017250998615531393,0.054513561433102396
2026-03-16T06:59:12.846249+00:00,1773644352.846153,True,False,,,,,,,,,,,,,,,,,,,,,,12.9716,77.5946,971.8857283956443,77.84959877268932,0.0,0.3334261,171,0.171,255,0,1,1,66,True,0,0,-0.0,-0.0,-0.051399422384569536,0.014794682839031884,0.05348629040955198
2026-03-16T06:59:12.946335+00:00,1773644352.946235,True,False,,,,,,,,,,,,,,,,,,,,,,12.9716,77.5946,972.1954265402275,77.84965117291756,-0.0392266,0.3530394,172,0.172,255,0,1,1,64,True,0,0,-0.0,-0.0,-0.05288305457085979,0.011210526945558102,0.05405824058496187
2026-03-16T06:59:13.046832+00:00,1773644353.046691,True,False,,,,,,,,,,,,,,,,,,,,,,12.9716,77.5946,972.1310738680146,77.84999187201527,-0.04903325,0.3530394,168,0.168,255,0,1,1,69,True,20,0,-0.033600000000000005,-0.0,-0.05672788329614293,-0.004396295773972637,0.05689798027868003
2026-03-16T06:59:13.146964+00:00,1773644353.146856,True,False,,,,,,,,,,,,,,,,,,,,,,12.9716,77.5946,971.9686616088521,77.84982129366739,0.0,0.34323275,169,0.169,255,0,1,1,69,True,0,0,-0.0,-0.0,-0.05504132309698552,0.0017302739460691259,0.055068512747260545
2026-03-16T06:59:13.247427+00:00,1773644353.247252,True,False,,,,,,,,,,,,,,,,,,,,,,12.9716,77.5946,972.4166799491352,77.84940592639487,0.0,0.3530394,167,0.167,255,0,1,1,72,True,-40,0,0.06680000000000001,-0.0,-0.04913694402132363,0.03112383710097212,0.05816470152629119
2026-03-16T06:59:13.347632+00:00,1773644353.347406,True,False,,,,,,,,,,,,,,,,,,,,,,12.9716,77.5946,972.5668405449122,77.84931771208096,-0.0196133,0.34323275,168,0.168,255,0,1,1,67,True,0,0,-0.0,-0.0,-0.05066618287726595,0.022201869051384257,0.055317131855577725
2026-03-16T06:59:13.447647+00:00,1773644353.447511,True,False,,,,,,,,,,,,,,,,,,,,,,12.9716,77.5946,972.2076842335865,77.84932604023777,-0.0196133,0.3530394,168,0.168,255,0,1,1,67,True,0,0,-0.0,-0.0,-0.0521815933157198,0.016893091930403732,0.05484792827387599
2026-03-16T06:59:13.547728+00:00,1773644353.547612,True,False,,,,,,,,,,,,,,,,,,,,,,12.9716,77.5946,972.0949139557029,77.84882353958596,0.0,0.3530394,170,0.17,255,0,1,1,66,True,20,0,-0.034,-0.0,-0.05565126211011337,0.0018470534939249057,0.05568190532891237
2026-03-16T06:59:13.653017+00:00,1773644353.652901,True,False,,,,,,,,,,,,,,,,,,,,,,12.9716,77.5946,972.2162646268398,77.84801421936663,0.0196133,0.3334261,169,0.169,255,0,1,1,75,True,0,0,-0.0,-0.0,-0.05413995732753178,0.006806096644874996,0.054566087737406475
2026-03-16T06:59:13.760592+00:00,1773644353.760457,True,False,,,,,,,,,,,,,,,,,,,,,,12.9716,77.5946,972.5502921366301,77.8475540767634,-0.04903325,0.34323275,167,0.167,255,0,1,1,71,True,0,0,-0.0,-0.0,-0.05488452805886682,0.005661484566512433,0.055175753984348944
2026-03-16T06:59:13.860698+00:00,1773644353.860543,True,False,,,,,,,,,,,,,,,,,,,,,,12.9716,77.5946,972.1232935834403,77.84767001168063,-0.02941995,0.36284605000000003,162,0.162,255,0,1,1,73,True,0,0,-0.0,-0.0,-0.055177708241417364,0.006322457372776423,0.055538751822538764
2026-03-16T06:59:13.960969+00:00,1773644353.960715,True,False,,,,,,,,,,,,,,,,,,,,,,12.9716,77.5946,972.1892976985308,77.84764145566294,-0.0196133,0.34323275,165,0.165,255,0,1,1,70,True,-40,0,0.066,-0.0,-0.04881250616354678,0.03235715245185907,0.058563180179692614
2026-03-16T06:59:14.061126+00:00,1773644354.060896,True,False,,,,,,,,,,,,,,,,,,,,,,12.9716,77.5946,972.0238202278396,77.84728890693981,-0.0588399,0.3530394,162,0.162,255,0,1,1,65,True,0,0,-0.0,-0.0,-0.05153296904974289,0.020728070627540823,0.05554547516244756
2026-03-16T06:59:14.165003+00:00,1773644354.164754,True,False,,,,,,,,,,,,,,,,,,,,,,12.9716,77.5946,972.1329125107156,77.84700839637719,-0.02941995,0.36284605000000003,162,0.162,255,0,1,1,64,True,40,20,-0.06480000000000001,-0.032400000000000005,-0.04681756187075993,-0.01210711293056365,0.04835769104326483
2026-03-16T06:59:14.265977+00:00,1773644354.265737,True,False,,,,,,,,,,,,,,,,,,,,,,12.9716,77.5946,971.8785697762223,77.84688169537372,-0.00980665,0.3530394,162,0.162,255,0,1,1,65,True,-40,0,0.06480000000000001,-0.0,-0.04436630900230403,0.02149477047226298,0.04929903175665007
2026-03-16T06:59:14.366765+00:00,1773644354.366651,True,False,,,,,,,,,,,,,,,,,,,,,,12.9716,77.5946,972.2377156384401,77.84659443183841,-0.0196133,0.3334261,162,0.162,255,0,1,1,69,True,0,0,-0.0,-0.0,-0.04721974999669375,0.016196798907616574,0.04992034740067449
2026-03-16T06:59:14.466893+00:00,1773644354.466773,True,False,,,,,,,,,,,,,,,,,,,,,,12.9716,77.5946,972.400310995587,77.8463131745932,-0.0392266,0.3334261,161,0.161,255,0,1,1,61,True,-40,0,0.0644,-0.0,-0.04382111097172452,0.036427831251240876,0.056984880946309574
2026-03-16T06:59:14.575018+00:00,1773644354.574757,True,False,,,,,,,,,,,,,,,,,,,,,,12.9716,77.5946,972.2518120396447,77.84623765692783,-0.0392266,0.34323275,162,0.162,255,0,1,1,61,True,0,0,-0.0,-0.0,-0.04873032552020467,0.024134777052935236,0.0543795190186526
2026-03-16T06:59:14.679201+00:00,1773644354.678956,True,False,,,,,,,,,,,,,,,,,,,,,,12.9716,77.5946,972.0348519839112,77.84581600777392,-0.00980665,0.3530394,164,0.164,255,0,1,1,67,True,0,0,-0.0,-0.0,-0.051195692097858195,0.018619982026428374,0.054476624528720714
2026-03-16T06:59:14.779166+00:00,1773644354.779059,True,False,,,,,,,,,,,,,,,,,,,,,,12.9716,77.5946,972.3431326294534,77.84521229707872,0.0,0.36284605000000003,162,0.162,255,0,1,1,63,True,0,0,-0.0,-0.0,-0.05263371514247163,0.015945932014804196,0.054996188208998674
2026-03-16T06:59:14.880442+00:00,1773644354.879170,True,False,,,,,,,,,,,,,,,,,,,,,,12.9716,77.5946,972.148420989292,77.84456645024665,-0.0196133,0.3530394,166,0.166,255,0,1,1,64,True,0,0,-0.0,-0.0,-0.0533086628705575,0.013064854932683756,0.05488628217923698
2026-03-16T06:59:14.980762+00:00,1773644354.980565,True,False,,,,,,,,,,,,,,,,,,,,,,12.9716,77.5946,972.2170619922074,77.84410606965753,-0.02941995,0.3530394,163,0.163,255,0,1,1,65,True,0,0,-0.0,-0.0,-0.05406346779723925,0.010752102217671984,0.05512228453504438
2026-03-16T06:59:15.080797+00:00,1773644355.080671,True,False,,,,,,,,,,,,,,,,,,,,,,12.9716,77.5946,972.1429052124921,77.84389046309951,-0.00980665,0.3530394,160,0.16,255,0,1,1,70,True,0,0,-0.0,-0.0,-0.05408102644248898,0.010493877345591911,0.05508973482253767
2026-03-16T06:59:15.182035+00:00,1773644355.180784,True,False,,,,,,,,,,,,,,,,,,,,,,12.9716,77.5946,972.1706680992663,77.84414623557302,0.0,0.34323275,158,0.158,255,0,1,1,69,True,0,0,-0.0,-0.0,-0.05341358554398932,0.010801535346455258,0.054494809720796226
2026-03-16T06:59:15.281238+00:00,1773644355.280937,True,False,,,,,,,,,,,,,,,,,,,,,,12.9716,77.5946,972.2728331137677,77.8447437978752,-0.00980665,0.3530394,159,0.159,255,0,1,1,66,True,0,0,-0.0,-0.0,-0.05373423222409313,0.01053314367708336,0.05475687014827318
2026-03-16T06:59:15.381333+00:00,1773644355.381161,True,False,,,,,,,,,,,,,,,,,,,,,,12.9716,77.5946,972.2350173109876,77.84468699527764,-0.0392266,0.3530394,158,0.158,255,0,1,1,64,True,60,0,-0.09480000000000001,-0.0,-0.0621189687921523,-0.02759239031032553,0.06797136372648217
2026-03-16T06:59:15.481660+00:00,1773644355.481348,True,False,,,,,,,,,,,,,,,,,,,,,,12.9716,77.5946,972.0983522791346,77.84449836766055,-0.00980665,0.3530394,159,0.159,255,0,1,1,63,True,0,0,-0.0,-0.0,-0.05904504531531631,-0.012859842850875276,0.060429239068823005
2026-03-16T06:59:15.581749+00:00,1773644355.581509,True,False,,,,,,,,,,,,,,,,,,,,,,12.9716,77.5946,972.0689358066156,77.84392957749833,0.0,0.3530394,156,0.156,255,0,1,1,64,True,0,0,-0.0,-0.0,-0.05704344422025459,-0.003298905085957871,0.05713875482783516
2026-03-16T06:59:15.684755+00:00,1773644355.684513,True,False,,,,,,,,,,,,,,,,,,,,,,12.9716,77.5946,972.3949726517598,77.84321406930894,-0.00980665,0.3530394,156,0.156,255,0,1,1,70,True,0,0,-0.0,-0.0,-0.056308575287605904,0.002045653808416457,0.056345721669208135
2026-03-16T06:59:15.784776+00:00,1773644355.784646,True,False,,,,,,,,,,,,,,,,,,,,,,12.9716,77.5946,972.1196164067793,77.84274269872009,-0.02941995,0.36284605000000003,159,0.159,255,0,1,1,71,True,0,0,-0.0,-0.0,-0.05624679702204343,0.004147821427923259,0.05639952657458122
2026-03-16T06:59:15.886849+00:00,1773644355.886559,True,False,,,,,,,,,,,,,,,,,,,,,,12.9716,77.5946,971.9157262490392,77.84246150107833,-0.02941995,0.36284605000000003,160,0.16,255,0,1,1,65,True,20,0,-0.032,-0.0,-0.05915099239841104,-0.006812059485897786,0.059541952068741334
2026-03-16T06:59:15.986767+00:00,1773644355.986661,True,False,,,,,,,,,,,,,,,,,,,,,,12.9716,77.5946,972.5236739933717,77.84230114336344,0.0,0.34323275,158,0.158,255,0,1,1,65,True,0,0,-0.0,-0.0,-0.05644969763276903,0.00025802562388224496,0.056450287333667575
2026-03-16T06:59:16.086878+00:00,1773644356.086758,True,False,,,,,,,,,,,,,,,,,,,,,,12.9716,77.5946,972.3263325349843,77.84226779795074,-0.02941995,0.3530394,158,0.158,255,0,1,1,67,True,20,0,-0.0316,-0.0,-0.05841131635884991,-0.009135644225507458,0.059121416375021794
